Date,HomeTeam,AwayTeam,liga,TOT_SHOTS_pred,TOT_SHOTS_sigma,TOT_SHOTS_avg2y,TOT_SHOTS_P_over_8.5,TOT_SHOTS_P_over_9.5,TOT_SHOTS_P_over_10.5,H_SHOTS_pred,H_SHOTS_sigma,H_SHOTS_avg2y,H_SHOTS_P_over_4.5,H_SHOTS_P_over_5.5,H_SHOTS_P_over_6.5,A_SHOTS_pred,A_SHOTS_sigma,A_SHOTS_avg2y,A_SHOTS_P_over_3.5,A_SHOTS_P_over_4.5,A_SHOTS_P_over_5.5,TOT_SHOTS_P_over_7.5,H_SHOTS_P_over_3.5,A_SHOTS_P_over_2.5,TOT_SHOTS_P_over_6.5,TOT_SHOTS_P_over_11.5,A_SHOTS_P_over_6.5
2026-04-26,Gent,Club Brugge,Belgium/First_Division_A,9.33,3.11,8.85,0.605,0.478,0.354,4.77,2.264,4.79,0.547,0.373,0.222,5.19,2.261,4.06,0.773,0.62,0.445,,,,,,
2026-04-26,Mechelen,Sint-Truidense VV,Belgium/First_Division_A,9.14,3.11,8.85,0.582,0.455,0.332,4.52,2.264,4.79,0.503,0.332,0.191,3.96,2.261,4.06,0.581,0.406,0.249,,,,,,
2026-04-26,RSC Anderlecht,Royale Union Saint-Gilloise,Belgium/First_Division_A,9.2,3.11,8.85,0.589,0.462,0.338,4.01,2.264,4.79,0.414,0.255,0.135,4.48,2.261,4.06,0.667,0.496,0.325,,,,,,
2026-04-26,SV Zulte Waregem,RAAL La Louvière,Belgium/First_Division_A,9.2,3.11,8.85,0.589,0.462,0.338,4.01,2.264,4.79,0.414,0.255,0.135,4.48,2.261,4.06,0.667,0.496,0.325,,,,,,
2026-04-26,Coventry,Wrexham,England/Championship,8.62,2.913,8.04,0.517,0.382,,5.37,2.288,4.43,0.649,0.478,,3.23,2.075,3.62,0.449,0.271,,0.65,0.794,0.638,,,
2026-04-26,Le Havre,Metz,France/Ligue_1,8.44,3.15,8.49,0.493,0.369,,4.98,2.307,4.68,0.582,0.41,,3.03,2.198,3.81,0.415,0.252,0.131,0.618,0.739,,,,
2026-04-26,Lorient,Strasbourg,France/Ligue_1,8.45,3.15,8.49,0.494,0.37,,4.17,2.307,4.68,0.444,0.283,,3.62,2.198,3.81,0.522,0.344,0.196,0.619,0.615,,,,
2026-04-26,Marseille,Nice,France/Ligue_1,8.67,3.15,8.49,0.522,0.397,,5.38,2.307,4.68,0.649,0.479,,3.1,2.198,3.81,0.428,0.263,0.138,0.645,0.792,,,,
2026-04-26,Paris FC,Lille,France/Ligue_1,8.32,3.15,8.49,0.477,0.354,,4.09,2.307,4.68,0.429,0.27,,4.95,2.198,3.81,0.746,0.582,0.402,0.603,0.6,,,,
2026-04-26,Rennes,Nantes,France/Ligue_1,8.59,3.15,8.49,0.511,0.386,,5.86,2.307,4.68,0.722,0.562,,3.03,2.198,3.81,0.415,0.252,0.131,0.635,0.847,,,,
2026-04-26,Dortmund,Freiburg,Germany/Bundesliga_1,9.11,3.167,9.35,0.576,0.451,0.33,6.24,2.411,5.25,0.765,0.621,0.457,3.54,2.156,4.1,0.508,0.328,0.182,,,,,,
2026-04-26,Stuttgart,Werder Bremen,Germany/Bundesliga_1,9.94,3.167,9.35,0.675,0.555,0.429,6.87,2.411,5.25,0.837,0.715,0.561,3.21,2.156,4.1,0.447,0.275,0.144,,,,,,
2026-04-26,Bochum,Greuther Furth,Germany/Bundesliga_2,10.85,3.142,9.13,0.772,0.666,0.544,6.73,2.39,4.97,0.824,0.696,0.538,4.4,2.328,4.15,0.65,0.482,0.318,,,,,,
2026-04-26,Nurnberg,Magdeburg,Germany/Bundesliga_2,10.74,3.142,9.13,0.762,0.653,0.53,5.12,2.39,4.97,0.603,0.437,0.282,4.5,2.328,4.15,0.666,0.5,0.333,,,,,,
2026-04-26,Paderborn,Schalke 04,Germany/Bundesliga_2,9.48,3.142,9.13,0.623,0.498,0.373,4.94,2.39,4.97,0.573,0.407,0.257,4.41,2.328,4.15,0.651,0.484,0.319,,,,,,
2026-04-26,AEL,Panserraikos,Greece/Super_League,8.7,2.833,7.79,0.528,0.389,,5.36,2.446,4.19,0.638,0.477,,3.76,1.962,3.6,0.554,0.354,,0.664,0.777,0.74,,,
2026-04-26,Atromitos,Asteras Tripolis,Greece/Super_League,8.19,2.833,7.79,0.457,0.322,,4.44,2.446,4.19,0.491,0.333,,3.73,1.962,3.6,0.547,0.348,,0.596,0.65,0.735,,,
2026-04-26,Kifisia,Panetolikos,Greece/Super_League,8.55,2.833,7.79,0.507,0.368,,4.85,2.446,4.19,0.557,0.395,,3.58,1.962,3.6,0.516,0.319,,0.644,0.71,0.709,,,
2026-04-26,Fiorentina,Sassuolo,Italy/Serie_A,8.45,2.825,8.07,0.493,0.355,,4.91,2.262,4.43,0.572,0.398,,3.76,1.933,3.64,0.552,0.35,,0.632,0.734,0.742,,,
2026-04-26,Genoa,Como,Italy/Serie_A,9.52,2.825,8.07,0.641,0.503,,4.44,2.262,4.43,0.489,0.319,,4.65,1.933,3.64,0.724,0.531,,0.763,0.661,0.867,,,
2026-04-26,Milan,Juventus,Italy/Serie_A,8.7,2.825,8.07,0.528,0.388,,4.16,2.262,4.43,0.441,0.277,,3.92,1.933,3.64,0.586,0.382,,0.664,0.615,0.768,,,
2026-04-26,Torino,Inter,Italy/Serie_A,8.93,2.825,8.07,0.56,0.42,,3.18,2.262,4.43,0.28,0.153,,4.92,1.933,3.64,0.769,0.586,,0.693,0.444,0.895,,,
2026-04-26,Excelsior,Utrecht,Netherlands/Eredivisie,9.72,3.294,10.44,,0.527,0.407,4.66,2.471,5.59,0.526,0.367,0.228,5.2,2.628,4.85,,0.605,0.455,,,,,0.295,0.311
2026-04-26,Heracles,Volendam,Netherlands/Eredivisie,9.78,3.294,10.44,,0.533,0.413,5.29,2.471,5.59,0.626,0.467,0.313,4.07,2.628,4.85,,0.435,0.293,,,,,0.3,0.177
2026-04-26,Dundee United,Dundee,Scotland/Premiership,8.74,3.102,8.75,0.531,0.403,0.285,4.53,2.254,4.94,0.505,0.333,0.191,3.77,2.248,3.81,0.548,0.373,0.221,,,,,,
2026-04-26,Hibernian,Hearts,Scotland/Premiership,9.25,3.102,8.75,0.595,0.467,0.343,4.2,2.254,4.94,0.447,0.282,0.154,4.0,2.248,3.81,0.588,0.412,0.252,,,,,,
2026-04-26,Rangers,Motherwell,Scotland/Premiership,9.56,3.102,8.75,0.634,0.508,0.381,6.96,2.254,4.94,0.863,0.742,0.581,2.85,2.248,3.81,0.387,0.232,0.12,,,,,,
2026-04-26,Osasuna,Sevilla,Spain/La_Liga,8.81,2.833,8.7,0.543,0.404,,5.56,2.082,4.88,0.695,0.512,0.326,3.29,2.061,3.83,0.46,0.279,0.142,0.678,,,,,
2026-04-26,Oviedo,Elche,Spain/La_Liga,8.08,2.833,8.7,0.441,0.308,,4.76,2.082,4.88,0.549,0.361,0.201,3.24,2.061,3.83,0.45,0.271,0.137,0.581,,,,,
2026-04-26,Vallecano,Sociedad,Spain/La_Liga,8.57,2.833,8.7,0.51,0.372,,4.83,2.082,4.88,0.563,0.374,0.211,3.62,2.061,3.83,0.523,0.335,0.181,0.648,,,,,
2026-04-26,Villarreal,Celta,Spain/La_Liga,8.33,2.833,8.7,0.477,0.34,,5.26,2.082,4.88,0.642,0.454,0.276,3.4,2.061,3.83,0.48,0.297,0.154,0.616,,,,,
2026-04-26,Ceuta,Racing Santander,Spain/Segunda_Division,6.8,3.33,8.54,0.305,0.209,,4.0,2.342,4.77,0.416,0.261,0.143,3.0,2.151,3.77,0.408,0.243,0.123,0.417,,,,,
2026-04-26,Cordoba,Sp Gijon,Spain/Segunda_Division,7.94,3.33,8.54,0.433,0.32,,4.76,2.342,4.77,0.544,0.376,0.229,3.17,2.151,3.77,0.44,0.269,0.14,0.553,,,,,
2026-04-26,Granada,Almeria,Spain/Segunda_Division,7.92,3.33,8.54,0.43,0.317,,4.15,2.342,4.77,0.441,0.283,0.158,3.52,2.151,3.77,0.504,0.325,0.179,0.55,,,,,
2026-04-26,Huesca,Zaragoza,Spain/Segunda_Division,7.4,3.33,8.54,0.371,0.264,,3.75,2.342,4.77,0.374,0.227,0.12,3.54,2.151,3.77,0.508,0.328,0.181,0.488,,,,,
2026-04-26,Leganés,FC Andorra,Spain/Segunda_Division,7.3,3.33,8.54,0.359,0.254,,4.89,2.342,4.77,0.565,0.396,0.245,2.91,2.151,3.77,0.392,0.23,0.115,0.476,,,,,
2026-04-26,Mirandes,Cultural Leonesa,Spain/Segunda_Division,9.07,3.33,8.54,0.568,0.449,,5.33,2.342,4.77,0.639,0.471,0.309,3.26,2.151,3.77,0.456,0.283,0.149,0.682,,,,,
2026-04-26,Galatasaray,Fenerbahce,Turkey/Super_Lig,9.36,3.327,8.47,0.602,0.483,,5.1,2.355,4.69,0.601,0.433,,3.84,2.419,3.77,0.556,0.392,0.246,0.712,0.752,,,,
2026-04-26,Gençlerbirliği,Kocaelispor,Turkey/Super_Lig,8.73,3.327,8.47,0.527,0.408,,4.65,2.355,4.69,0.525,0.359,,4.09,2.419,3.77,0.596,0.433,0.28,0.644,0.687,,,,
2026-04-27,Man United,Brentford,England/Premier_League,11.02,2.876,8.33,0.81,0.702,,6.44,2.071,4.43,0.826,0.675,,3.64,2.047,3.9,0.526,0.336,0.181,0.89,0.922,,,,
2026-04-27,Boulogne,Dunkerque,France/Ligue_2,7.78,3.087,7.74,0.408,,,4.11,2.295,4.07,0.432,0.272,,3.74,2.0,3.66,0.547,0.352,,0.537,0.605,0.732,0.661,,
2026-04-27,Cagliari,Atalanta,Italy/Serie_A,8.02,2.825,8.07,0.433,0.301,,3.35,2.262,4.43,0.306,0.171,,5.39,1.933,3.64,0.836,0.678,,0.574,0.474,0.933,,,
2026-04-27,Lazio,Udinese,Italy/Serie_A,8.21,2.825,8.07,0.459,0.324,,5.09,2.262,4.43,0.602,0.427,,3.7,1.933,3.64,0.541,0.339,,0.599,0.758,0.733,,,
2026-04-27,Espanol,Levante,Spain/La_Liga,8.22,2.833,8.7,0.461,0.326,,4.49,2.082,4.88,0.498,0.314,0.167,3.36,2.061,3.83,0.474,0.291,0.15,0.601,,,,,
2026-04-27,Cadiz,Las Palmas,Spain/Segunda_Division,6.75,3.33,8.54,0.299,0.204,,4.22,2.342,4.77,0.452,0.292,0.165,3.59,2.151,3.77,0.517,0.336,0.187,0.41,,,,,
2026-04-27,Alanyaspor,Samsunspor,Turkey/Super_Lig,8.51,3.327,8.47,0.501,0.383,,4.7,2.355,4.69,0.534,0.368,,3.83,2.419,3.77,0.555,0.391,0.245,0.619,0.695,,,,
2026-04-27,Besiktas,Karagumruk,Turkey/Super_Lig,9.41,3.327,8.47,0.607,0.489,,6.25,2.355,4.69,0.771,0.625,,3.33,2.419,3.77,0.473,0.315,0.185,0.717,0.879,,,,
2026-04-27,Konyaspor,Trabzonspor,Turkey/Super_Lig,9.84,3.327,8.47,0.657,0.541,,4.49,2.355,4.69,0.498,0.334,,4.69,2.419,3.77,0.689,0.532,0.369,0.759,0.662,,,,
2026-04-28,Southampton,Ipswich,England/Championship,8.72,2.913,8.04,0.53,0.394,,5.45,2.288,4.43,0.66,0.491,,3.87,2.075,3.62,0.571,0.381,,0.662,0.803,0.745,,,
2026-04-28,Southampton,Ipswich Town,England/Championship,9.57,2.913,8.04,0.643,0.509,,5.73,2.288,4.43,0.704,0.54,,4.29,2.075,3.62,0.648,0.46,,0.761,0.835,0.806,,,
2026-04-28,Northampton,Barnsley,England/League_One,8.68,3.114,7.69,0.523,,,3.89,2.308,4.33,0.396,0.243,,4.55,2.234,3.36,0.681,0.509,,0.648,0.567,0.821,0.758,,
2026-04-28,Peterboro,Mansfield,England/League_One,8.3,3.114,7.69,0.474,,,5.21,2.308,4.33,0.622,0.451,,3.65,2.234,3.36,0.527,0.352,,0.601,0.771,0.697,0.718,,
2026-04-28,Stockport,Port Vale,England/League_One,8.44,3.114,7.69,0.492,,,5.23,2.308,4.33,0.624,0.453,,3.16,2.234,3.36,0.44,0.275,,0.619,0.773,0.617,0.733,,
2026-05-01,Cercle Brugge,SV Zulte Waregem,Belgium/First_Division_A,9.23,3.11,8.85,0.593,0.465,0.342,5.01,2.264,4.79,0.588,0.413,0.254,4.22,2.261,4.06,0.625,0.45,0.285,,,,,,
2026-05-01,Leeds,Burnley,England/Premier_League,8.58,2.876,8.33,0.511,0.374,,5.23,2.071,4.43,0.639,0.449,,3.46,2.047,3.9,0.492,0.306,0.16,0.646,0.799,,,,
2026-05-01,Nantes,Marseille,France/Ligue_1,9.19,3.15,8.49,0.587,0.461,,3.68,2.307,4.68,0.36,0.215,,5.51,2.198,3.81,0.82,0.677,0.502,0.705,0.53,,,,
2026-05-01,Bari,Virtus Entella,Italy/Serie_B,7.33,3.122,8.36,0.354,0.243,,4.4,2.426,4.7,0.483,0.325,,3.53,2.092,3.66,0.506,0.321,,0.478,0.644,0.689,,,
2026-05-01,Carrarese,Cesena,Italy/Serie_B,8.18,3.122,8.36,0.46,0.337,,5.18,2.426,4.7,0.611,0.448,,3.59,2.092,3.66,0.518,0.332,,0.587,0.756,0.699,,,
2026-05-01,Empoli,Avellino,Italy/Serie_B,7.9,3.122,8.36,0.424,0.304,,4.06,2.426,4.7,0.428,0.276,,3.66,2.092,3.66,0.531,0.345,,0.551,0.591,0.711,,,
2026-05-01,Juve Stabia,Frosinone,Italy/Serie_B,7.49,3.122,8.36,0.373,0.26,,4.17,2.426,4.7,0.446,0.292,,3.99,2.092,3.66,0.592,0.403,,0.499,0.608,0.761,,,
2026-05-01,Mantova,Monza,Italy/Serie_B,7.98,3.122,8.36,0.434,0.313,,3.71,2.426,4.7,0.373,0.231,,4.12,2.092,3.66,0.617,0.428,,0.561,0.535,0.781,,,
2026-05-01,Modena,Reggiana,Italy/Serie_B,8.38,3.122,8.36,0.484,0.36,,4.72,2.426,4.7,0.536,0.374,,3.48,2.092,3.66,0.496,0.312,,0.611,0.692,0.68,,,
2026-05-01,Padova,Pescara,Italy/Serie_B,7.68,3.122,8.36,0.396,0.28,,4.01,2.426,4.7,0.42,0.27,,4.13,2.092,3.66,0.618,0.43,,0.522,0.583,0.782,,,
2026-05-01,Palermo,Catanzaro,Italy/Serie_B,8.18,3.122,8.36,0.459,0.336,,4.32,2.426,4.7,0.47,0.313,,3.81,2.092,3.66,0.559,0.371,,0.586,0.632,0.734,,,
2026-05-01,Sampdoria,Sudtirol,Italy/Serie_B,8.43,3.122,8.36,0.492,0.366,,4.25,2.426,4.7,0.459,0.303,,3.96,2.092,3.66,0.588,0.399,,0.618,0.621,0.758,,,
2026-05-01,Spezia,Venezia,Italy/Serie_B,8.3,3.122,8.36,0.475,0.351,,3.38,2.426,4.7,0.322,0.191,,4.15,2.092,3.66,0.622,0.433,,0.601,0.48,0.785,,,
2026-05-01,Ayr,St Johnstone,Scotland/Championship,8.34,2.934,7.35,0.479,,,3.19,2.093,3.81,0.266,0.135,,4.52,2.08,3.53,0.688,0.504,,0.613,0.441,0.834,0.735,,
2026-05-01,Dunfermline,Arbroath,Scotland/Championship,8.32,2.934,7.35,0.475,,,5.14,2.093,3.81,0.62,0.432,,3.91,2.08,3.53,0.578,0.388,,0.61,0.783,0.751,0.732,,
2026-05-01,Morton,Airdrie Utd,Scotland/Championship,8.4,2.934,7.35,0.486,,,4.69,2.093,3.81,0.537,0.35,,3.83,2.08,3.53,0.562,0.373,,0.62,0.716,0.738,0.741,,
2026-05-01,Partick,Queens Park,Scotland/Championship,8.45,2.934,7.35,0.493,,,5.45,2.093,3.81,0.675,0.49,,3.41,2.08,3.53,0.482,0.299,,0.626,0.824,0.668,0.746,,
2026-05-01,Raith Rvs,Ross County,Scotland/Championship,8.45,2.934,7.35,0.493,,,4.42,2.093,3.81,0.485,0.303,,3.71,2.08,3.53,0.541,0.352,,0.626,0.67,0.72,0.746,,
2026-05-01,Livingston,Aberdeen,Scotland/Premiership,8.18,3.102,8.75,0.459,0.335,0.227,4.03,2.254,4.94,0.417,0.257,0.136,3.62,2.248,3.81,0.521,0.347,0.201,,,,,,
2026-05-01,Girona,Mallorca,Spain/La_Liga,8.02,2.833,8.7,0.433,0.301,,4.67,2.082,4.88,0.533,0.346,0.19,3.31,2.061,3.83,0.463,0.282,0.144,0.573,,,,,
2026-05-01,Deportivo La Coruña,Leganés,Spain/Segunda_Division,7.3,3.33,8.54,0.359,0.254,,4.91,2.342,4.77,0.569,0.4,0.248,2.91,2.151,3.77,0.392,0.23,0.115,0.476,,,,,
2026-05-01,FC Andorra,Albacete,Spain/Segunda_Division,7.16,3.33,8.54,0.343,0.241,,4.93,2.342,4.77,0.573,0.404,0.251,2.99,2.151,3.77,0.406,0.241,0.121,0.459,,,,,
2026-05-01,Zaragoza,Granada,Spain/Segunda_Division,7.71,3.33,8.54,0.406,0.295,,4.07,2.342,4.77,0.427,0.27,0.15,3.52,2.151,3.77,0.503,0.324,0.178,0.525,,,,,
2026-05-02,RC Sporting Charleroi,Genk,Belgium/First_Division_A,9.2,3.11,8.85,0.589,0.462,0.338,4.25,2.264,4.79,0.455,0.29,0.16,4.4,2.261,4.06,0.655,0.482,0.313,,,,,,
2026-05-02,Sint-Truidense VV,Royale Union Saint-Gilloise,Belgium/First_Division_A,9.2,3.11,8.85,0.589,0.462,0.338,4.01,2.264,4.79,0.414,0.255,0.135,4.48,2.261,4.06,0.667,0.496,0.325,,,,,,
2026-05-02,Westerlo,Oud-Heverlee Leuven,Belgium/First_Division_A,9.21,3.11,8.85,0.59,0.463,0.339,5.75,2.264,4.79,0.71,0.544,0.37,3.73,2.261,4.06,0.54,0.366,0.216,,,,,,
2026-05-02,Blackburn,Leicester City,England/Championship,9.14,2.913,8.04,0.587,0.451,,5.15,2.288,4.43,0.611,0.438,,4.12,2.075,3.62,0.618,0.427,,0.713,0.764,0.783,,,
2026-05-02,Bristol City,Stoke,England/Championship,7.9,2.913,8.04,0.419,0.292,,4.59,2.288,4.43,0.515,0.345,,3.52,2.075,3.62,0.504,0.318,,0.555,0.682,0.688,,,
2026-05-02,Derby,Sheffield United,England/Championship,8.49,2.913,8.04,0.498,0.364,,4.52,2.288,4.43,0.503,0.334,,3.68,2.075,3.62,0.535,0.347,,0.633,0.672,0.715,,,
2026-05-02,Derby,Sheffield Utd,England/Championship,9.03,2.913,8.04,0.572,0.435,,5.06,2.288,4.43,0.597,0.424,,4.42,2.075,3.62,0.671,0.484,,0.7,0.752,0.822,,,
2026-05-02,Hull,Norwich,England/Championship,8.45,2.913,8.04,0.493,0.359,,4.53,2.288,4.43,0.505,0.336,,3.96,2.075,3.62,0.588,0.397,,0.628,0.674,0.759,,,
2026-05-02,Ipswich,QPR,England/Championship,8.38,2.913,8.04,0.483,0.35,,4.91,2.288,4.43,0.571,0.398,,3.61,2.075,3.62,0.521,0.334,,0.618,0.731,0.703,,,
2026-05-02,Ipswich Town,QPR,England/Championship,8.29,2.913,8.04,0.471,0.339,,5.15,2.288,4.43,0.612,0.439,,3.66,2.075,3.62,0.531,0.343,,0.607,0.764,0.712,,,
2026-05-02,Millwall,Oxford,England/Championship,8.02,2.913,8.04,0.434,0.305,,4.69,2.288,4.43,0.533,0.362,,2.83,2.075,3.62,0.373,0.21,,0.571,0.699,0.563,,,
2026-05-02,Portsmouth,Birmingham,England/Championship,8.5,2.913,8.04,0.5,0.365,,5.13,2.288,4.43,0.608,0.435,,3.88,2.075,3.62,0.572,0.382,,0.634,0.761,0.746,,,
2026-05-02,Preston NE,Southampton,England/Championship,8.94,2.913,8.04,0.561,0.424,,4.8,2.288,4.43,0.553,0.38,,4.6,2.075,3.62,0.701,0.519,,0.69,0.715,0.844,,,
2026-05-02,Sheffield Wed,West Brom,England/Championship,8.61,2.913,8.04,0.515,0.38,,5.04,2.288,4.43,0.594,0.421,,3.79,2.075,3.62,0.556,0.367,,0.648,0.75,0.734,,,
2026-05-02,Sheffield Weds,West Brom,England/Championship,8.27,2.913,8.04,0.468,0.336,,3.9,2.288,4.43,0.397,0.242,,4.91,2.075,3.62,0.752,0.579,,0.604,0.57,0.878,,,
2026-05-02,Swansea,Charlton,England/Championship,7.65,2.913,8.04,0.385,0.262,,4.61,2.288,4.43,0.519,0.349,,3.01,2.075,3.62,0.408,0.237,,0.52,0.686,0.598,,,
2026-05-02,Watford,Coventry,England/Championship,8.97,2.913,8.04,0.564,0.427,,4.22,2.288,4.43,0.452,0.288,,4.49,2.075,3.62,0.683,0.497,,0.693,0.624,0.831,,,
2026-05-02,Wrexham,Middlesbrough,England/Championship,8.79,2.913,8.04,0.539,0.403,,4.37,2.288,4.43,0.478,0.311,,4.36,2.075,3.62,0.661,0.474,,0.671,0.648,0.815,,,
2026-05-02,AFC Wimbledon,Huddersfield,England/League_One,8.95,3.114,7.69,0.558,,,4.62,2.308,4.33,0.52,0.351,,4.65,2.234,3.36,0.696,0.527,,0.679,0.686,0.832,0.784,,
2026-05-02,Barnsley,Stockport,England/League_One,8.79,3.114,7.69,0.538,,,4.19,2.308,4.33,0.446,0.285,,4.56,2.234,3.36,0.683,0.511,,0.661,0.617,0.822,0.769,,
2026-05-02,Bolton,Luton,England/League_One,8.7,3.114,7.69,0.526,,,4.45,2.308,4.33,0.491,0.324,,3.99,2.234,3.36,0.587,0.41,,0.65,0.659,0.748,0.76,,
2026-05-02,Exeter,Bradford,England/League_One,8.25,3.114,7.69,0.468,,,4.03,2.308,4.33,0.419,0.262,,4.6,2.234,3.36,0.689,0.518,,0.596,0.59,0.826,0.713,,
2026-05-02,Leyton Orient,Burton,England/League_One,8.25,3.114,7.69,0.468,,,4.42,2.308,4.33,0.487,0.32,,3.57,2.234,3.36,0.513,0.339,,0.595,0.655,0.684,0.713,,
2026-05-02,Mansfield,Cardiff,England/League_One,9.76,3.114,7.69,0.657,,,4.84,2.308,4.33,0.558,0.387,,4.92,2.234,3.36,0.738,0.575,,0.766,0.719,0.861,0.852,,
2026-05-02,Northampton,Plymouth,England/League_One,8.98,3.114,7.69,0.562,,,3.25,2.308,4.33,0.295,0.165,,5.82,2.234,3.36,0.85,0.723,,0.683,0.458,0.931,0.788,,
2026-05-02,Peterboro,Doncaster,England/League_One,9.07,3.114,7.69,0.573,,,5.62,2.308,4.33,0.687,0.521,,3.94,2.234,3.36,0.578,0.401,,0.693,0.821,0.74,0.796,,
2026-05-02,Port Vale,Lincoln,England/League_One,7.88,3.114,7.69,0.421,,,3.37,2.308,4.33,0.312,0.178,,4.71,2.234,3.36,0.706,0.537,,0.549,0.477,0.839,0.671,,
2026-05-02,Reading,Blackpool,England/League_One,8.09,3.114,7.69,0.447,,,4.56,2.308,4.33,0.511,0.342,,3.51,2.234,3.36,0.501,0.328,,0.575,0.677,0.674,0.695,,
2026-05-02,Stevenage,Wigan,England/League_One,8.47,3.114,7.69,0.496,,,4.97,2.308,4.33,0.58,0.409,,3.73,2.234,3.36,0.54,0.365,,0.622,0.738,0.708,0.736,,
2026-05-02,Wycombe,Rotherham,England/League_One,9.17,3.114,7.69,0.585,,,6.04,2.308,4.33,0.748,0.592,,3.49,2.234,3.36,0.498,0.325,,0.704,0.864,0.671,0.804,,
2026-05-02,Barrow,Newport County,England/League_Two,8.04,2.954,7.87,0.438,0.31,,3.87,2.277,4.23,0.391,0.237,,3.58,2.066,3.64,0.515,0.328,,0.572,0.565,0.699,,,
2026-05-02,Bromley,Walsall,England/League_Two,8.26,2.954,7.87,0.468,0.338,,4.95,2.277,4.23,0.579,0.405,,3.13,2.066,3.64,0.43,0.254,,0.602,0.738,0.62,,,
2026-05-02,Cheltenham,Colchester,England/League_Two,7.99,2.954,7.87,0.431,0.305,,4.07,2.277,4.23,0.425,0.265,,3.79,2.066,3.64,0.556,0.366,,0.566,0.599,0.734,,,
2026-05-02,Crawley Town,Salford,England/League_Two,7.86,2.954,7.87,0.414,0.289,,4.05,2.277,4.23,0.421,0.262,,3.96,2.066,3.64,0.588,0.396,,0.548,0.595,0.76,,,
2026-05-02,Crewe,Cambridge,England/League_Two,7.55,2.954,7.87,0.373,0.254,,3.81,2.277,4.23,0.38,0.229,,3.66,2.066,3.64,0.531,0.342,,0.506,0.554,0.713,,,
2026-05-02,Fleetwood Town,Milton Keynes Dons,England/League_Two,8.03,2.954,7.87,0.437,0.309,,3.91,2.277,4.23,0.397,0.242,,3.63,2.066,3.64,0.526,0.337,,0.571,0.571,0.708,,,
2026-05-02,Gillingham,Shrewsbury,England/League_Two,7.78,2.954,7.87,0.403,0.28,,4.63,2.277,4.23,0.523,0.352,,3.88,2.066,3.64,0.573,0.382,,0.537,0.691,0.748,,,
2026-05-02,Harrogate,Barnet,England/League_Two,8.87,2.954,7.87,0.549,0.415,,3.92,2.277,4.23,0.399,0.244,,4.78,2.066,3.64,0.732,0.554,,0.678,0.573,0.865,,,
2026-05-02,Notts County,Bristol Rvs,England/League_Two,8.91,2.954,7.87,0.555,0.42,,4.78,2.277,4.23,0.549,0.376,,3.53,2.066,3.64,0.506,0.32,,0.683,0.713,0.691,,,
2026-05-02,Oldham,Accrington,England/League_Two,8.27,2.954,7.87,0.469,0.339,,4.93,2.277,4.23,0.576,0.402,,3.21,2.066,3.64,0.443,0.266,,0.603,0.736,0.634,,,
2026-05-02,Swindon,Chesterfield,England/League_Two,7.7,2.954,7.87,0.393,0.271,,3.75,2.277,4.23,0.372,0.222,,3.57,2.066,3.64,0.513,0.326,,0.527,0.544,0.697,,,
2026-05-02,Tranmere,Grimsby,England/League_Two,8.02,2.954,7.87,0.435,0.308,,3.92,2.277,4.23,0.4,0.244,,4.13,2.066,3.64,0.619,0.429,,0.57,0.573,0.785,,,
2026-05-02,Arsenal,Fulham,England/Premier_League,8.46,2.876,8.33,0.494,0.359,,5.59,2.071,4.43,0.701,0.517,,2.95,2.047,3.9,0.394,0.225,0.107,0.631,0.844,,,,
2026-05-02,Bournemouth,Crystal Palace,England/Premier_League,8.49,2.876,8.33,0.499,0.363,,4.67,2.071,4.43,0.533,0.345,,3.51,2.047,3.9,0.503,0.315,0.166,0.635,0.715,,,,
2026-05-02,Brentford,West Ham,England/Premier_League,8.23,2.876,8.33,0.462,0.329,,4.36,2.071,4.43,0.474,0.292,,3.19,2.047,3.9,0.439,0.26,0.129,0.6,0.662,,,,
2026-05-02,Newcastle,Brighton,England/Premier_League,9.63,2.876,8.33,0.652,0.517,,4.95,2.071,4.43,0.586,0.395,,4.44,2.047,3.9,0.678,0.489,0.303,0.77,0.758,,,,
2026-05-02,Wolves,Sunderland,England/Premier_League,8.39,2.876,8.33,0.484,0.349,,4.36,2.071,4.43,0.473,0.291,,4.09,2.047,3.9,0.613,0.42,0.245,0.621,0.661,,,,
2026-05-02,Metz,Monaco,France/Ligue_1,8.54,3.15,8.49,0.505,0.38,,3.9,2.307,4.68,0.397,0.244,,5.46,2.198,3.81,0.814,0.669,0.493,0.629,0.569,,,,
2026-05-02,Nice,Lens,France/Ligue_1,9.03,3.15,8.49,0.567,0.441,,4.15,2.307,4.68,0.44,0.279,,4.92,2.198,3.81,0.741,0.576,0.397,0.687,0.611,,,,
2026-05-02,Paris SG,Lorient,France/Ligue_1,9.53,3.15,8.49,0.628,0.504,,7.04,2.307,4.68,0.865,0.748,,2.91,2.198,3.81,0.393,0.234,0.119,0.74,0.938,,,,
2026-05-02,Amiens,Red Star,France/Ligue_2,7.73,3.087,7.74,0.402,,,4.04,2.295,4.07,0.421,0.263,,4.21,2.0,3.66,0.639,0.442,,0.53,0.593,0.804,0.655,,
2026-05-02,Boulogne,Annecy,France/Ligue_2,7.79,3.087,7.74,0.409,,,4.15,2.295,4.07,0.439,0.278,,3.42,2.0,3.66,0.485,0.295,,0.537,0.611,0.678,0.662,,
2026-05-02,Dunkerque,Grenoble,France/Ligue_2,7.53,3.087,7.74,0.376,,,4.19,2.295,4.07,0.447,0.284,,3.52,2.0,3.66,0.503,0.311,,0.504,0.618,0.694,0.63,,
2026-05-02,Guingamp,Bastia,France/Ligue_2,7.96,3.087,7.74,0.43,,,4.77,2.295,4.07,0.547,0.376,,3.58,2.0,3.66,0.515,0.322,,0.559,0.71,0.705,0.681,,
2026-05-02,Le Mans,Reims,France/Ligue_2,8.0,3.087,7.74,0.435,,,4.1,2.295,4.07,0.431,0.271,,4.13,2.0,3.66,0.624,0.427,,0.564,0.603,0.793,0.686,,
2026-05-02,Montpellier,Clermont,France/Ligue_2,8.29,3.087,7.74,0.473,,,4.53,2.295,4.07,0.505,0.336,,3.38,2.0,3.66,0.476,0.287,,0.601,0.673,0.67,0.719,,
2026-05-02,Pau FC,Nancy,France/Ligue_2,7.77,3.087,7.74,0.406,,,5.04,2.295,4.07,0.593,0.421,,3.12,2.0,3.66,0.425,0.246,,0.535,0.749,0.623,0.659,,
2026-05-02,Rodez,St Etienne,France/Ligue_2,7.9,3.087,7.74,0.423,,,4.01,2.295,4.07,0.415,0.258,,4.27,2.0,3.66,0.651,0.455,,0.551,0.588,0.813,0.675,,
2026-05-02,Troyes,Laval,France/Ligue_2,8.19,3.087,7.74,0.46,,,5.57,2.295,4.07,0.679,0.511,,3.34,2.0,3.66,0.468,0.28,,0.589,0.816,0.662,0.708,,
2026-05-02,Bayern Munich,Heidenheim,Germany/Bundesliga_1,11.53,3.167,9.35,0.83,0.739,0.627,8.5,2.411,5.25,0.952,0.894,0.797,3.06,2.156,4.1,0.42,0.252,0.129,,,,,,
2026-05-02,Ein Frankfurt,Hamburg,Germany/Bundesliga_1,9.58,3.167,9.35,0.634,0.511,0.386,5.51,2.411,5.25,0.663,0.502,0.341,3.63,2.156,4.1,0.524,0.343,0.193,,,,,,
2026-05-02,Hoffenheim,Stuttgart,Germany/Bundesliga_1,9.78,3.167,9.35,0.657,0.536,0.41,4.96,2.411,5.25,0.576,0.412,0.262,4.67,2.156,4.1,0.707,0.532,0.35,,,,,,
2026-05-02,Leverkusen,RB Leipzig,Germany/Bundesliga_1,10.32,3.167,9.35,0.718,0.603,0.478,5.8,2.411,5.25,0.705,0.549,0.386,4.13,2.156,4.1,0.615,0.432,0.262,,,,,,
2026-05-02,Union Berlin,FC Koln,Germany/Bundesliga_1,9.06,3.167,9.35,0.57,0.444,0.324,5.04,2.411,5.25,0.589,0.425,0.273,4.34,2.156,4.1,0.652,0.471,0.295,,,,,,
2026-05-02,Werder Bremen,Augsburg,Germany/Bundesliga_1,9.58,3.167,9.35,0.634,0.51,0.386,4.78,2.411,5.25,0.546,0.382,0.238,4.67,2.156,4.1,0.706,0.531,0.349,,,,,,
2026-05-02,Bielefeld,Bochum,Germany/Bundesliga_2,11.04,3.142,9.13,0.79,0.687,0.568,5.21,2.39,4.97,0.617,0.452,0.295,4.7,2.328,4.15,0.696,0.534,0.365,,,,,,
2026-05-02,Dresden,Kaiserslautern,Germany/Bundesliga_2,9.63,3.142,9.13,0.64,0.516,0.391,3.79,2.39,4.97,0.383,0.237,0.129,4.52,2.328,4.15,0.669,0.503,0.337,,,,,,
2026-05-02,Holstein Kiel,Braunschweig,Germany/Bundesliga_2,8.95,3.142,9.13,0.557,0.43,0.311,4.66,2.39,4.97,0.526,0.362,0.22,4.21,2.328,4.15,0.619,0.45,0.289,,,,,,
2026-05-02,Schalke 04,Fortuna Dusseldorf,Germany/Bundesliga_2,9.88,3.142,9.13,0.67,0.548,0.422,6.25,2.39,4.97,0.768,0.623,0.458,4.33,2.328,4.15,0.639,0.47,0.307,,,,,,
2026-05-02,Asteras Tripolis,Atromitos,Greece/Super_League,7.95,2.833,7.79,0.422,0.292,,4.07,2.446,4.19,0.43,0.279,,3.39,1.962,3.6,0.477,0.285,,0.562,0.592,0.675,,,
2026-05-02,Panetolikos,Kifisia,Greece/Super_League,8.29,2.833,7.79,0.47,0.335,,3.77,2.446,4.19,0.383,0.24,,3.63,1.962,3.6,0.526,0.329,,0.61,0.544,0.718,,,
2026-05-02,Panserraikos,AEL,Greece/Super_League,8.44,2.833,7.79,0.491,0.354,,3.8,2.446,4.19,0.387,0.244,,3.47,1.962,3.6,0.493,0.299,,0.63,0.549,0.689,,,
2026-05-02,Ajax,PSV,Netherlands/Eredivisie,9.73,3.294,10.44,,0.528,0.407,6.63,2.471,5.59,0.806,0.677,0.522,3.25,2.628,4.85,,0.317,0.196,,,,,0.295,0.108
2026-05-02,Groningen,Excelsior,Netherlands/Eredivisie,9.79,3.294,10.44,,0.536,0.415,6.3,2.471,5.59,0.767,0.627,0.468,3.76,2.628,4.85,,0.389,0.254,,,,,0.302,0.148
2026-05-02,NEC,Telstar,Netherlands/Eredivisie,9.77,3.294,10.44,,0.533,0.413,5.52,2.471,5.59,0.66,0.503,0.346,4.34,2.628,4.85,,0.476,0.33,,,,,0.3,0.206
2026-05-02,Nijmegen,Telstar,Netherlands/Eredivisie,9.73,3.294,10.44,,0.528,0.407,6.36,2.471,5.59,0.774,0.635,0.477,3.48,2.628,4.85,,0.348,0.221,,,,,0.295,0.125
2026-05-02,Utrecht,NAC,Netherlands/Eredivisie,9.75,3.294,10.44,,0.53,0.409,5.77,2.471,5.59,0.697,0.544,0.384,3.68,2.628,4.85,,0.378,0.245,,,,,0.297,0.142
2026-05-02,Utrecht,NAC Breda,Netherlands/Eredivisie,9.8,3.294,10.44,,0.536,0.416,6.55,2.471,5.59,0.796,0.664,0.508,3.43,2.628,4.85,,0.342,0.215,,,,,0.303,0.121
2026-05-02,Arouca,Santa Clara,Portugal/Primeira_Liga,7.78,2.819,8.33,0.4,0.271,,4.51,2.159,4.39,0.502,0.323,,3.51,2.039,3.94,0.502,0.314,0.165,0.54,0.68,,,,
2026-05-02,Casa Pia,Tondela,Portugal/Primeira_Liga,8.05,2.819,8.33,0.437,0.304,,4.58,2.159,4.39,0.514,0.334,,3.73,2.039,3.94,0.544,0.352,0.192,0.578,0.691,,,,
2026-05-02,Famalicao,Benfica,Portugal/Primeira_Liga,8.13,2.819,8.33,0.448,0.313,,3.52,2.159,4.39,0.325,0.18,,5.04,2.039,3.94,0.775,0.604,0.411,0.588,0.504,,,,
2026-05-02,Moreirense,Estrela,Portugal/Primeira_Liga,8.37,2.819,8.33,0.482,0.345,,4.21,2.159,4.39,0.447,0.276,,3.99,2.039,3.94,0.595,0.402,0.23,0.622,0.63,,,,
2026-05-02,Nacional,AVS,Portugal/Primeira_Liga,7.8,2.819,8.33,0.402,0.273,,4.45,2.159,4.39,0.491,0.314,,3.37,2.039,3.94,0.475,0.29,0.148,0.543,0.671,,,,
2026-05-02,Porto,Alverca,Portugal/Primeira_Liga,8.48,2.819,8.33,0.497,0.358,,5.99,2.159,4.39,0.756,0.59,,2.43,2.039,3.94,0.3,0.155,0.066,0.636,0.876,,,,
2026-05-02,Rio Ave,Gil Vicente,Portugal/Primeira_Liga,7.9,2.819,8.33,0.415,0.285,,4.22,2.159,4.39,0.448,0.277,,3.68,2.039,3.94,0.534,0.343,0.185,0.556,0.631,,,,
2026-05-02,Sp Lisbon,Vitoria SC,Portugal/Primeira_Liga,8.93,2.819,8.33,0.56,0.419,,7.33,2.159,4.39,0.905,0.801,,2.81,2.039,3.94,0.368,0.204,0.094,0.693,0.962,,,,
2026-05-02,Sporting Braga,Estoril,Portugal/Primeira_Liga,8.12,2.819,8.33,0.447,0.312,,3.85,2.159,4.39,0.383,0.223,,3.78,2.039,3.94,0.554,0.362,0.199,0.587,0.565,,,,
2026-05-02,Alloa,Queen of Sth,Scotland/League_One,8.82,3.114,8.58,0.541,0.414,,4.47,2.454,4.67,0.496,0.338,,4.1,2.323,3.92,0.602,0.432,0.273,0.664,0.654,,,,
2026-05-02,Cove Rangers,East Fife,Scotland/League_One,8.83,3.114,8.58,0.542,0.414,,4.83,2.454,4.67,0.554,0.393,,3.94,2.323,3.92,0.575,0.405,0.251,0.665,0.707,,,,
2026-05-02,Inverness C,Hamilton,Scotland/League_One,8.85,3.114,8.58,0.544,0.417,,5.91,2.454,4.67,0.717,0.566,,3.47,2.323,3.92,0.495,0.329,0.191,0.667,0.837,,,,
2026-05-02,Montrose,Stenhousemuir,Scotland/League_One,8.69,3.114,8.58,0.524,0.397,,4.19,2.454,4.67,0.45,0.297,,4.67,2.323,3.92,0.693,0.529,0.36,0.649,0.611,,,,
2026-05-02,Peterhead,Kelty Hearts,Scotland/League_One,8.79,3.114,8.58,0.538,0.41,,3.8,2.454,4.67,0.388,0.244,,4.12,2.323,3.92,0.605,0.435,0.276,0.661,0.549,,,,
2026-05-02,Annan Athletic,Forfar,Scotland/League_Two,7.79,2.948,8.7,0.405,0.281,,3.87,2.088,4.48,0.382,0.218,,4.53,2.329,4.22,0.671,0.506,0.339,0.539,0.571,,,,
2026-05-02,East Kilbride,Clyde,Scotland/League_Two,8.22,2.948,8.7,0.462,0.332,,3.75,2.088,4.48,0.359,0.201,,3.57,2.329,4.22,0.512,0.345,0.204,0.597,0.547,,,,
2026-05-02,Edinburgh City,Dumbarton,Scotland/League_Two,8.59,2.948,8.7,0.512,0.379,,4.11,2.088,4.48,0.427,0.253,,4.27,2.329,4.22,0.629,0.46,0.298,0.644,0.615,,,,
2026-05-02,Elgin,Stranraer,Scotland/League_Two,8.16,2.948,8.7,0.455,0.325,,3.84,2.088,4.48,0.377,0.214,,4.0,2.329,4.22,0.584,0.414,0.259,0.589,0.565,,,,
2026-05-02,Stirling,Spartans,Scotland/League_Two,8.76,2.948,8.7,0.535,0.401,,3.46,2.088,4.48,0.308,0.164,,5.62,2.329,4.22,0.819,0.685,0.521,0.666,0.491,,,,
2026-05-02,Dundee,St Mirren,Scotland/Premiership,8.92,3.102,8.75,0.554,0.426,0.306,4.62,2.254,4.94,0.521,0.348,0.202,3.83,2.248,3.81,0.559,0.383,0.229,,,,,,
2026-05-02,Falkirk,Motherwell,Scotland/Premiership,8.75,3.102,8.75,0.532,0.404,0.286,4.61,2.254,4.94,0.519,0.346,0.2,3.95,2.248,3.81,0.579,0.403,0.245,,,,,,
2026-05-02,Kilmarnock,Dundee United,Scotland/Premiership,8.67,3.102,8.75,0.522,0.394,0.278,4.2,2.254,4.94,0.446,0.282,0.153,4.19,2.248,3.81,0.621,0.446,0.28,,,,,,
2026-05-02,Alaves,Ath Bilbao,Spain/La_Liga,8.04,2.833,8.7,0.436,0.304,,4.53,2.082,4.88,0.505,0.32,0.171,3.9,2.061,3.83,0.577,0.386,0.219,0.576,,,,,
2026-05-02,Osasuna,Barcelona,Spain/La_Liga,9.74,2.833,8.7,0.669,0.533,,3.96,2.082,4.88,0.398,0.23,0.112,5.7,2.061,3.83,0.857,0.719,0.538,0.785,,,,,
2026-05-02,Valencia,Ath Madrid,Spain/La_Liga,8.26,2.833,8.7,0.466,0.33,,4.22,2.082,4.88,0.447,0.27,0.137,3.86,2.061,3.83,0.57,0.379,0.214,0.605,,,,,
2026-05-02,Villarreal,Levante,Spain/La_Liga,8.81,2.833,8.7,0.544,0.404,,6.3,2.082,4.88,0.806,0.65,0.462,2.94,2.061,3.83,0.392,0.224,0.107,0.679,,,,,
2026-05-02,Castellon,Cordoba,Spain/Segunda_Division,8.51,3.33,8.54,0.501,0.383,,4.67,2.342,4.77,0.528,0.361,0.217,3.34,2.151,3.77,0.47,0.295,0.158,0.619,,,,,
2026-05-02,Cultural Leonesa,Cadiz,Spain/Segunda_Division,8.69,3.33,8.54,0.523,0.404,,4.35,2.342,4.77,0.474,0.311,0.179,3.65,2.151,3.77,0.528,0.346,0.195,0.64,,,,,
2026-05-02,Eibar,Málaga CF,Spain/Segunda_Division,7.42,3.33,8.54,0.372,0.266,,5.1,2.342,4.77,0.602,0.433,0.276,2.88,2.151,3.77,0.387,0.226,0.112,0.49,,,,,
2026-05-03,Dender,RAAL La Louvière,Belgium/First_Division_A,9.16,3.11,8.85,0.584,0.457,0.333,4.71,2.264,4.79,0.538,0.364,0.215,4.63,2.261,4.06,0.691,0.522,0.35,,,,,,
2026-05-03,Mechelen,Gent,Belgium/First_Division_A,9.22,3.11,8.85,0.591,0.464,0.34,4.71,2.264,4.79,0.537,0.363,0.214,4.19,2.261,4.06,0.62,0.446,0.282,,,,,,
2026-05-03,RSC Anderlecht,Club Brugge,Belgium/First_Division_A,9.25,3.11,8.85,0.595,0.468,0.344,3.78,2.264,4.79,0.375,0.223,0.115,5.11,2.261,4.06,0.762,0.607,0.432,,,,,,
2026-05-03,Royal Antwerp FC,Standard Liège,Belgium/First_Division_A,9.2,3.11,8.85,0.589,0.462,0.338,4.01,2.264,4.79,0.414,0.255,0.135,4.48,2.261,4.06,0.667,0.496,0.325,,,,,,
2026-05-03,Aston Villa,Tottenham,England/Premier_League,8.71,2.876,8.33,0.53,0.392,,5.82,2.071,4.43,0.738,0.562,,3.44,2.047,3.9,0.488,0.302,0.157,0.664,0.869,,,,
2026-05-03,Bournemouth,Crystal Palace,England/Premier_League,8.3,2.876,8.33,0.472,0.338,,4.29,2.071,4.43,0.459,0.279,,3.48,2.047,3.9,0.496,0.309,0.162,0.609,0.648,,,,
2026-05-03,Man United,Liverpool,England/Premier_League,11.12,2.876,8.33,0.819,0.714,,5.94,2.071,4.43,0.757,0.584,,4.0,2.047,3.9,0.597,0.404,0.233,0.896,0.881,,,,
2026-05-03,Auxerre,Angers,France/Ligue_1,8.27,3.15,8.49,0.471,0.348,,4.48,2.307,4.68,0.496,0.329,,3.26,2.198,3.81,0.456,0.286,0.154,0.597,0.664,,,,
2026-05-03,Lille,Le Havre,France/Ligue_1,8.79,3.15,8.49,0.536,0.41,,5.94,2.307,4.68,0.733,0.575,,3.24,2.198,3.81,0.453,0.283,0.152,0.658,0.855,,,,
2026-05-03,Lyon,Rennes,France/Ligue_1,8.23,3.15,8.49,0.466,0.344,,4.52,2.307,4.68,0.503,0.335,,3.54,2.198,3.81,0.506,0.33,0.186,0.592,0.671,,,,
2026-05-03,Paris FC,Brest,France/Ligue_1,8.02,3.15,8.49,0.44,0.32,,4.64,2.307,4.68,0.523,0.354,,3.72,2.198,3.81,0.54,0.362,0.209,0.566,0.689,,,,
2026-05-03,Strasbourg,Toulouse,France/Ligue_1,8.45,3.15,8.49,0.493,0.369,,5.02,2.307,4.68,0.588,0.417,,3.58,2.198,3.81,0.515,0.338,0.192,0.618,0.744,,,,
2026-05-03,Freiburg,Wolfsburg,Germany/Bundesliga_1,10.12,3.167,9.35,0.695,0.577,0.452,5.77,2.411,5.25,0.701,0.545,0.382,3.65,2.156,4.1,0.527,0.346,0.195,,,,,,
2026-05-03,M'gladbach,Dortmund,Germany/Bundesliga_1,10.01,3.167,9.35,0.683,0.564,0.439,4.28,2.411,5.25,0.463,0.306,0.178,5.53,2.156,4.1,0.827,0.683,0.505,,,,,,
2026-05-03,St Pauli,Mainz,Germany/Bundesliga_1,8.92,3.167,9.35,0.552,0.427,0.308,4.79,2.411,5.25,0.549,0.385,0.24,4.7,2.156,4.1,0.711,0.536,0.355,,,,,,
2026-05-03,Elversberg,Paderborn,Germany/Bundesliga_2,8.84,3.142,9.13,0.543,0.417,0.299,4.34,2.39,4.97,0.474,0.314,0.183,4.46,2.328,4.15,0.66,0.493,0.327,,,,,,
2026-05-03,Greuther Furth,Nurnberg,Germany/Bundesliga_2,8.8,3.142,9.13,0.538,0.412,0.294,4.44,2.39,4.97,0.491,0.329,0.195,4.4,2.328,4.15,0.651,0.483,0.318,,,,,,
2026-05-03,Hannover,Preußen Münster,Germany/Bundesliga_2,10.61,3.142,9.13,0.749,0.638,0.514,5.7,2.39,4.97,0.693,0.534,0.37,4.3,2.328,4.15,0.635,0.466,0.304,,,,,,
2026-05-03,Karlsruhe,Darmstadt,Germany/Bundesliga_2,9.02,3.142,9.13,0.566,0.439,0.319,4.86,2.39,4.97,0.559,0.394,0.246,4.4,2.328,4.15,0.651,0.483,0.319,,,,,,
2026-05-03,Magdeburg,Hertha,Germany/Bundesliga_2,10.03,3.142,9.13,0.687,0.567,0.441,4.82,2.39,4.97,0.553,0.387,0.241,4.68,2.328,4.15,0.695,0.532,0.363,,,,,,
2026-05-03,Levadeiakos,Volos NFC,Greece/Super_League,8.1,2.833,7.79,0.444,0.311,,4.29,2.446,4.19,0.466,0.311,,3.26,1.962,3.6,0.451,0.263,,0.584,0.627,0.65,,,
2026-05-03,OFI Crete,Aris,Greece/Super_League,7.91,2.833,7.79,0.417,0.287,,4.32,2.446,4.19,0.471,0.315,,3.74,1.962,3.6,0.55,0.35,,0.557,0.631,0.737,,,
2026-05-03,PAOK,Olympiakos,Greece/Super_League,8.27,2.833,7.79,0.468,0.332,,4.44,2.446,4.19,0.489,0.332,,3.92,1.962,3.6,0.585,0.384,,0.607,0.649,0.766,,,
2026-05-03,Panathinaikos,AEK,Greece/Super_League,8.35,2.833,7.79,0.479,0.342,,4.42,2.446,4.19,0.488,0.33,,3.98,1.962,3.6,0.597,0.396,,0.618,0.647,0.775,,,
2026-05-03,Atalanta,Genoa,Italy/Serie_A,8.6,2.825,8.07,0.514,0.375,,5.36,2.262,4.43,0.648,0.475,,3.16,1.933,3.64,0.431,0.245,,0.652,0.794,0.634,,,
2026-05-03,Bologna,Cagliari,Italy/Serie_A,8.08,2.825,8.07,0.441,0.307,,4.58,2.262,4.43,0.514,0.342,,3.26,1.933,3.64,0.451,0.261,,0.581,0.684,0.654,,,
2026-05-03,Como,Napoli,Italy/Serie_A,9.44,2.825,8.07,0.631,0.492,,4.79,2.262,4.43,0.55,0.376,,4.41,1.933,3.64,0.682,0.482,,0.754,0.715,0.839,,,
2026-05-03,Cremonese,Lazio,Italy/Serie_A,8.64,2.825,8.07,0.52,0.381,,3.62,2.262,4.43,0.349,0.203,,4.79,1.933,3.64,0.748,0.56,,0.657,0.521,0.882,,,
2026-05-03,Inter,Parma,Italy/Serie_A,9.73,2.825,8.07,0.669,0.533,,6.8,2.262,4.43,0.845,0.717,,3.11,1.933,3.64,0.419,0.235,,0.785,0.928,0.623,,,
2026-05-03,Juventus,Verona,Italy/Serie_A,10.68,2.825,8.07,0.78,0.662,,8.19,2.262,4.43,0.949,0.883,,3.11,1.933,3.64,0.419,0.235,,0.87,0.981,0.623,,,
2026-05-03,Pisa,Lecce,Italy/Serie_A,8.39,2.825,8.07,0.484,0.347,,4.3,2.262,4.43,0.464,0.297,,4.04,1.933,3.64,0.61,0.406,,0.623,0.638,0.787,,,
2026-05-03,Roma,Fiorentina,Italy/Serie_A,7.99,2.825,8.07,0.429,0.297,,4.3,2.262,4.43,0.465,0.298,,3.35,1.933,3.64,0.468,0.275,,0.569,0.638,0.669,,,
2026-05-03,Sassuolo,Milan,Italy/Serie_A,7.96,2.825,8.07,0.424,0.292,,2.91,2.262,4.43,0.241,0.126,,4.4,1.933,3.64,0.678,0.478,,0.564,0.397,0.837,,,
2026-05-03,Udinese,Torino,Italy/Serie_A,8.31,2.825,8.07,0.473,0.337,,5.24,2.262,4.43,0.629,0.455,,3.6,1.933,3.64,0.52,0.32,,0.613,0.78,0.715,,,
2026-05-03,AZ,Twente,Netherlands/Eredivisie,9.77,3.294,10.44,,0.533,0.413,4.86,2.471,5.59,0.557,0.397,0.253,5.08,2.628,4.85,,0.587,0.437,,,,,0.3,0.295
2026-05-03,For Sittard,Feyenoord,Netherlands/Eredivisie,9.72,3.294,10.44,,0.527,0.407,4.35,2.471,5.59,0.476,0.321,0.192,5.45,2.628,4.85,,0.641,0.492,,,,,0.295,0.344
2026-05-03,Fortuna Sittard,Feyenoord,Netherlands/Eredivisie,9.77,3.294,10.44,,0.533,0.413,4.81,2.471,5.59,0.551,0.391,0.248,6.08,2.628,4.85,,0.726,0.587,,,,,0.3,0.436
2026-05-03,Sparta,Go Ahead,Netherlands/Eredivisie,9.77,3.294,10.44,,0.533,0.413,4.74,2.471,5.59,0.538,0.379,0.238,4.76,2.628,4.85,,0.539,0.389,,,,,0.3,0.253
2026-05-03,Sparta Rotterdam,Go Ahead,Netherlands/Eredivisie,9.68,3.294,10.44,,0.522,0.402,5.6,2.471,5.59,0.671,0.515,0.357,3.84,2.628,4.85,,0.4,0.263,,,,,0.291,0.155
2026-05-03,Volendam,Heerenveen,Netherlands/Eredivisie,9.72,3.294,10.44,,0.527,0.407,4.96,2.471,5.59,0.574,0.413,0.266,5.21,2.628,4.85,,0.606,0.456,,,,,0.295,0.312
2026-05-03,Zwolle,Heracles,Netherlands/Eredivisie,9.7,3.294,10.44,,0.525,0.405,5.93,2.471,5.59,0.719,0.57,0.41,3.74,2.628,4.85,,0.386,0.251,,,,,0.293,0.147
2026-05-03,Hibernian,Celtic,Scotland/Premiership,9.74,3.102,8.75,0.655,0.53,0.403,3.79,2.254,4.94,0.376,0.224,0.115,4.99,2.248,3.81,0.747,0.587,0.411,,,,,,
2026-05-03,Betis,Oviedo,Spain/La_Liga,8.35,2.833,8.7,0.479,0.342,,4.97,2.082,4.88,0.59,0.4,0.232,3.48,2.061,3.83,0.497,0.311,0.164,0.618,,,,,
2026-05-03,Celta,Elche,Spain/La_Liga,8.73,2.833,8.7,0.532,0.392,,5.47,2.082,4.88,0.679,0.494,0.31,3.28,2.061,3.83,0.457,0.277,0.141,0.667,,,,,
2026-05-03,Espanol,Real Madrid,Spain/La_Liga,9.21,2.833,8.7,0.599,0.459,,3.67,2.082,4.88,0.345,0.19,0.087,5.67,2.061,3.83,0.854,0.715,0.534,0.727,,,,,
2026-05-03,Getafe,Vallecano,Spain/La_Liga,7.78,2.833,8.7,0.4,0.272,,4.58,2.082,4.88,0.516,0.33,0.179,3.21,2.061,3.83,0.443,0.265,0.133,0.54,,,,,
2026-05-03,Las Palmas,Valladolid,Spain/Segunda_Division,8.26,3.33,8.54,0.471,0.355,,4.87,2.342,4.77,0.563,0.394,0.243,3.19,2.151,3.77,0.442,0.271,0.141,0.59,,,,,
2026-05-03,Racing Santander,Huesca,Spain/Segunda_Division,7.64,3.33,8.54,0.398,0.288,,5.25,2.342,4.77,0.626,0.458,0.297,3.05,2.151,3.77,0.417,0.25,0.127,0.517,,,,,
2026-05-03,Real Sociedad B U21,Burgos,Spain/Segunda_Division,6.97,3.33,8.54,0.323,0.224,,4.74,2.342,4.77,0.541,0.373,0.226,2.92,2.151,3.77,0.394,0.231,0.115,0.437,,,,,
2026-05-03,Sp Gijon,Ceuta,Spain/Segunda_Division,7.74,3.33,8.54,0.41,0.298,,5.03,2.342,4.77,0.589,0.42,0.265,2.79,2.151,3.77,0.371,0.213,0.104,0.529,,,,,
2026-05-03,Antalyaspor,Alanyaspor,Turkey/Super_Lig,8.49,3.327,8.47,0.498,0.38,,4.77,2.355,4.69,0.546,0.379,,3.91,2.419,3.77,0.567,0.404,0.255,0.617,0.706,,,,
2026-05-03,Fenerbahce,Buyuksehyr,Turkey/Super_Lig,9.42,3.327,8.47,0.609,0.49,,5.63,2.355,4.69,0.685,0.523,,3.89,2.419,3.77,0.565,0.401,0.253,0.718,0.817,,,,
2026-05-03,Gaziantep,Besiktas,Turkey/Super_Lig,8.72,3.327,8.47,0.527,0.408,,4.53,2.355,4.69,0.505,0.34,,4.56,2.419,3.77,0.67,0.51,0.349,0.643,0.669,,,,
2026-05-03,Karagumruk,Gençlerbirliği,Turkey/Super_Lig,8.56,3.327,8.47,0.508,0.389,,4.71,2.355,4.69,0.536,0.369,,3.49,2.419,3.77,0.498,0.338,0.203,0.625,0.697,,,,
2026-05-03,Kasimpasa,Kocaelispor,Turkey/Super_Lig,8.78,3.327,8.47,0.534,0.414,,4.73,2.355,4.69,0.539,0.372,,3.78,2.419,3.77,0.546,0.383,0.238,0.65,0.699,,,,
2026-05-03,Kayserispor,Eyupspor,Turkey/Super_Lig,8.51,3.327,8.47,0.501,0.383,,4.43,2.355,4.69,0.488,0.325,,3.84,2.419,3.77,0.556,0.392,0.246,0.62,0.653,,,,
2026-05-03,Samsunspor,Galatasaray,Turkey/Super_Lig,9.83,3.327,8.47,0.655,0.539,,4.35,2.355,4.69,0.474,0.312,,5.61,2.419,3.77,0.809,0.677,0.518,0.758,0.641,,,,
2026-05-03,Trabzonspor,Göztepe,Turkey/Super_Lig,9.81,3.327,8.47,0.653,0.537,,5.8,2.355,4.69,0.71,0.551,,3.34,2.419,3.77,0.474,0.316,0.186,0.756,0.836,,,,
2026-05-03,Çaykur Rizespor,Konyaspor,Turkey/Super_Lig,8.11,3.327,8.47,0.453,0.338,,4.72,2.355,4.69,0.537,0.37,,4.2,2.419,3.77,0.614,0.451,0.295,0.573,0.698,,,,
2026-05-04,Chelsea,Nott'm Forest,England/Premier_League,9.15,2.876,8.33,0.589,0.451,,4.79,2.071,4.43,0.555,0.365,,3.87,2.047,3.9,0.572,0.379,0.213,0.717,0.733,,,,
2026-05-04,Everton,Man City,England/Premier_League,9.19,2.876,8.33,0.594,0.457,,4.08,2.071,4.43,0.42,0.246,,5.68,2.047,3.9,0.856,0.718,0.535,0.721,0.61,,,,
2026-05-04,Hearts,Rangers,Scotland/Premiership,9.46,3.102,8.75,0.621,0.494,0.368,3.97,2.254,4.94,0.406,0.248,0.13,5.17,2.248,3.81,0.771,0.616,0.441,,,,,,
2026-05-04,Sevilla,Sociedad,Spain/La_Liga,7.89,2.833,8.7,0.415,0.285,,4.04,2.082,4.88,0.412,0.241,0.118,4.16,2.061,3.83,0.626,0.435,0.259,0.555,,,,,
2026-05-04,Almeria,Mirandes,Spain/Segunda_Division,8.93,3.33,8.54,0.551,0.432,,5.27,2.342,4.77,0.629,0.461,0.3,3.31,2.151,3.77,0.465,0.29,0.154,0.666,,,,,
2026-05-08,Dortmund,Ein Frankfurt,Germany/Bundesliga_1,9.66,3.167,9.35,0.643,0.52,0.395,6.31,2.411,5.25,0.773,0.631,0.468,3.54,2.156,4.1,0.508,0.329,0.182,,,,,,
2026-05-08,Kaiserslautern,Bielefeld,Germany/Bundesliga_2,9.5,3.142,9.13,0.625,0.5,0.375,6.22,2.39,4.97,0.764,0.618,0.453,4.23,2.328,4.15,0.623,0.454,0.293,,,,,,
2026-05-08,Paderborn,Karlsruhe,Germany/Bundesliga_2,9.42,3.142,9.13,0.616,0.49,0.366,5.66,2.39,4.97,0.687,0.527,0.363,4.34,2.328,4.15,0.642,0.473,0.31,,,,,,
2026-05-08,Avellino,Modena,Italy/Serie_B,8.5,3.122,8.36,0.5,0.374,,4.19,2.426,4.7,0.449,0.295,,3.7,2.092,3.66,0.538,0.351,,0.625,0.612,0.717,,,
2026-05-08,Catanzaro,Bari,Italy/Serie_B,8.83,3.122,8.36,0.542,0.415,,4.89,2.426,4.7,0.564,0.401,,3.62,2.092,3.66,0.523,0.337,,0.665,0.717,0.704,,,
2026-05-08,Cesena,Padova,Italy/Serie_B,8.44,3.122,8.36,0.492,0.367,,4.93,2.426,4.7,0.571,0.408,,3.67,2.092,3.66,0.532,0.345,,0.618,0.723,0.711,,,
2026-05-08,Frosinone,Mantova,Italy/Serie_B,9.15,3.122,8.36,0.582,0.455,,5.31,2.426,4.7,0.63,0.469,,3.55,2.092,3.66,0.509,0.325,,0.701,0.772,0.692,,,
2026-05-08,Monza,Empoli,Italy/Serie_B,7.84,3.122,8.36,0.416,0.297,,5.05,2.426,4.7,0.589,0.426,,3.57,2.092,3.66,0.513,0.328,,0.543,0.738,0.695,,,
2026-05-08,Pescara,Spezia,Italy/Serie_B,8.71,3.122,8.36,0.527,0.4,,5.1,2.426,4.7,0.598,0.434,,3.59,2.092,3.66,0.516,0.331,,0.651,0.745,0.698,,,
2026-05-08,Reggiana,Sampdoria,Italy/Serie_B,8.19,3.122,8.36,0.46,0.337,,4.04,2.426,4.7,0.425,0.274,,3.84,2.092,3.66,0.565,0.376,,0.587,0.588,0.739,,,
2026-05-08,Sudtirol,Juve Stabia,Italy/Serie_B,8.62,3.122,8.36,0.515,0.389,,4.71,2.426,4.7,0.534,0.372,,4.12,2.092,3.66,0.617,0.428,,0.64,0.69,0.781,,,
2026-05-08,Venezia,Palermo,Italy/Serie_B,8.51,3.122,8.36,0.502,0.376,,4.5,2.426,4.7,0.5,0.34,,3.44,2.092,3.66,0.489,0.306,,0.627,0.66,0.673,,,
2026-05-08,Virtus Entella,Carrarese,Italy/Serie_B,9.01,3.122,8.36,0.565,0.438,,4.61,2.426,4.7,0.518,0.357,,3.63,2.092,3.66,0.525,0.339,,0.686,0.676,0.706,,,
2026-05-09,Club Brugge,Sint-Truidense VV,Belgium/First_Division_A,9.3,3.11,8.85,0.602,0.475,0.35,6.85,2.264,4.79,0.85,0.724,0.561,3.42,2.261,4.06,0.486,0.317,0.179,,,,,,
2026-05-09,RAAL La Louvière,Cercle Brugge,Belgium/First_Division_A,9.25,3.11,8.85,0.595,0.468,0.344,4.41,2.264,4.79,0.483,0.314,0.177,4.35,2.261,4.06,0.647,0.474,0.306,,,,,,
2026-05-09,SV Zulte Waregem,Dender,Belgium/First_Division_A,9.26,3.11,8.85,0.596,0.469,0.345,4.76,2.264,4.79,0.545,0.371,0.221,4.2,2.261,4.06,0.621,0.447,0.282,,,,,,
2026-05-09,Standard Liège,Oud-Heverlee Leuven,Belgium/First_Division_A,9.2,3.11,8.85,0.589,0.462,0.338,4.71,2.264,4.79,0.537,0.364,0.215,3.88,2.261,4.06,0.566,0.391,0.236,,,,,,
2026-05-09,Brighton,Wolves,England/Premier_League,9.32,2.876,8.33,0.613,0.476,,6.39,2.071,4.43,0.82,0.667,,3.14,2.047,3.9,0.43,0.253,0.124,0.737,0.919,,,,
2026-05-09,Burnley,Aston Villa,England/Premier_League,8.98,2.876,8.33,0.567,0.428,,3.77,2.071,4.43,0.361,0.201,,5.36,2.047,3.9,0.818,0.662,0.472,0.697,0.551,,,,
2026-05-09,Crystal Palace,Everton,England/Premier_League,9.09,2.876,8.33,0.581,0.443,,4.37,2.071,4.43,0.475,0.293,,4.7,2.047,3.9,0.721,0.539,0.348,0.709,0.663,,,,
2026-05-09,Fulham,Bournemouth,England/Premier_League,8.66,2.876,8.33,0.522,0.385,,4.64,2.071,4.43,0.526,0.339,,4.09,2.047,3.9,0.612,0.42,0.245,0.657,0.709,,,,
2026-05-09,Liverpool,Chelsea,England/Premier_League,9.14,2.876,8.33,0.588,0.45,,5.02,2.071,4.43,0.599,0.408,,3.95,2.047,3.9,0.586,0.393,0.224,0.716,0.768,,,,
2026-05-09,Man City,Brentford,England/Premier_League,9.71,2.876,8.33,0.663,0.529,,6.28,2.071,4.43,0.805,0.646,,3.04,2.047,3.9,0.411,0.238,0.115,0.779,0.91,,,,
2026-05-09,Sunderland,Man United,England/Premier_League,9.16,2.876,8.33,0.59,0.453,,4.09,2.071,4.43,0.421,0.248,,4.58,2.047,3.9,0.701,0.516,0.326,0.718,0.612,,,,
2026-05-09,Angers,Strasbourg,France/Ligue_1,8.52,3.15,8.49,0.503,0.378,,3.78,2.307,4.68,0.378,0.228,,4.3,2.198,3.81,0.642,0.464,0.293,0.627,0.548,,,,
2026-05-09,Auxerre,Nice,France/Ligue_1,8.27,3.15,8.49,0.471,0.348,,4.26,2.307,4.68,0.459,0.296,,3.8,2.198,3.81,0.554,0.374,0.219,0.596,0.629,,,,
2026-05-09,Le Havre,Marseille,France/Ligue_1,8.86,3.15,8.49,0.545,0.419,,3.82,2.307,4.68,0.385,0.234,,4.83,2.198,3.81,0.728,0.56,0.381,0.667,0.556,,,,
2026-05-09,Lens,Nantes,France/Ligue_1,8.79,3.15,8.49,0.537,0.411,,6.3,2.307,4.68,0.783,0.636,,2.84,2.198,3.81,0.381,0.224,0.113,0.659,0.888,,,,
2026-05-09,Metz,Lorient,France/Ligue_1,8.7,3.15,8.49,0.526,0.4,,4.34,2.307,4.68,0.472,0.307,,4.11,2.198,3.81,0.609,0.429,0.263,0.649,0.642,,,,
2026-05-09,Monaco,Lille,France/Ligue_1,8.67,3.15,8.49,0.522,0.397,,4.79,2.307,4.68,0.551,0.38,,3.97,2.198,3.81,0.585,0.405,0.243,0.645,0.713,,,,
2026-05-09,Paris SG,Brest,France/Ligue_1,9.35,3.15,8.49,0.607,0.481,,6.92,2.307,4.68,0.853,0.731,,2.9,2.198,3.81,0.392,0.233,0.118,0.722,0.931,,,,
2026-05-09,Rennes,Paris FC,France/Ligue_1,8.89,3.15,8.49,0.549,0.423,,5.2,2.307,4.68,0.62,0.449,,3.51,2.198,3.81,0.502,0.326,0.183,0.67,0.77,,,,
2026-05-09,Toulouse,Lyon,France/Ligue_1,8.23,3.15,8.49,0.466,0.343,,3.94,2.307,4.68,0.405,0.25,,4.0,2.198,3.81,0.59,0.41,0.248,0.591,0.576,,,,
2026-05-09,Annecy,Rodez,France/Ligue_2,8.02,3.087,7.74,0.438,,,4.22,2.295,4.07,0.451,0.288,,3.74,2.0,3.66,0.547,0.351,,0.567,0.623,0.732,0.689,,
2026-05-09,Bastia,Le Mans,France/Ligue_2,8.48,3.087,7.74,0.497,,,4.3,2.295,4.07,0.465,0.301,,4.04,2.0,3.66,0.606,0.409,,0.624,0.636,0.779,0.739,,
2026-05-09,Clermont,Guingamp,France/Ligue_2,7.99,3.087,7.74,0.434,,,4.24,2.295,4.07,0.455,0.292,,3.98,2.0,3.66,0.594,0.397,,0.563,0.627,0.77,0.685,,
2026-05-09,Grenoble,Troyes,France/Ligue_2,8.08,3.087,7.74,0.446,,,4.29,2.295,4.07,0.464,0.299,,4.52,2.0,3.66,0.695,0.504,,0.574,0.635,0.844,0.695,,
2026-05-09,Laval,Boulogne,France/Ligue_2,7.66,3.087,7.74,0.393,,,4.13,2.295,4.07,0.436,0.275,,3.48,2.0,3.66,0.495,0.304,,0.521,0.608,0.687,0.646,,
2026-05-09,Nancy,Dunkerque,France/Ligue_2,7.93,3.087,7.74,0.426,,,4.2,2.295,4.07,0.447,0.285,,3.94,2.0,3.66,0.586,0.389,,0.555,0.619,0.764,0.678,,
2026-05-09,Red Star,Montpellier,France/Ligue_2,7.54,3.087,7.74,0.378,,,4.26,2.295,4.07,0.458,0.294,,3.3,2.0,3.66,0.459,0.274,,0.505,0.629,0.655,0.632,,
2026-05-09,Reims,Pau FC,France/Ligue_2,7.81,3.087,7.74,0.411,,,4.78,2.295,4.07,0.549,0.377,,3.14,2.0,3.66,0.428,0.248,,0.54,0.712,0.625,0.664,,
2026-05-09,St Etienne,Amiens,France/Ligue_2,7.77,3.087,7.74,0.406,,,4.72,2.295,4.07,0.538,0.367,,3.33,2.0,3.66,0.467,0.28,,0.535,0.702,0.661,0.659,,
2026-05-09,Augsburg,M'gladbach,Germany/Bundesliga_1,9.88,3.167,9.35,0.668,0.547,0.422,5.52,2.411,5.25,0.664,0.503,0.342,4.38,2.156,4.1,0.658,0.478,0.301,,,,,,
2026-05-09,Hoffenheim,Werder Bremen,Germany/Bundesliga_1,9.9,3.167,9.35,0.671,0.55,0.425,6.26,2.411,5.25,0.768,0.624,0.461,3.61,2.156,4.1,0.52,0.34,0.19,,,,,,
2026-05-09,RB Leipzig,St Pauli,Germany/Bundesliga_1,9.83,3.167,9.35,0.663,0.542,0.416,6.61,2.411,5.25,0.809,0.677,0.518,3.03,2.156,4.1,0.413,0.247,0.126,,,,,,
2026-05-09,Stuttgart,Leverkusen,Germany/Bundesliga_1,9.5,3.167,9.35,0.623,0.5,0.376,5.36,2.411,5.25,0.639,0.477,0.318,3.87,2.156,4.1,0.569,0.386,0.225,,,,,,
2026-05-09,Wolfsburg,Bayern Munich,Germany/Bundesliga_1,9.86,3.167,9.35,0.666,0.546,0.42,3.67,2.411,5.25,0.366,0.224,0.121,5.66,2.156,4.1,0.842,0.705,0.529,,,,,,
2026-05-09,Bochum,Hannover,Germany/Bundesliga_2,9.57,3.142,9.13,0.634,0.509,0.384,5.23,2.39,4.97,0.62,0.455,0.298,4.47,2.328,4.15,0.662,0.495,0.329,,,,,,
2026-05-09,Braunschweig,Dresden,Germany/Bundesliga_2,9.33,3.142,9.13,0.604,0.478,0.355,4.89,2.39,4.97,0.564,0.399,0.25,4.34,2.328,4.15,0.641,0.473,0.309,,,,,,
2026-05-09,Holstein Kiel,Magdeburg,Germany/Bundesliga_2,10.87,3.142,9.13,0.775,0.669,0.547,4.84,2.39,4.97,0.556,0.391,0.243,4.48,2.328,4.15,0.663,0.497,0.331,,,,,,
2026-05-09,Nurnberg,Schalke 04,Germany/Bundesliga_2,9.12,3.142,9.13,0.578,0.452,0.33,4.62,2.39,4.97,0.52,0.356,0.215,4.32,2.328,4.15,0.638,0.47,0.306,,,,,,
2026-05-09,AEL,Asteras Tripolis,Greece/Super_League,8.8,2.833,7.79,0.542,0.402,,5.19,2.446,4.19,0.611,0.449,,3.86,1.962,3.6,0.574,0.373,,0.676,0.755,0.757,,,
2026-05-09,Atromitos,Panetolikos,Greece/Super_League,8.16,2.833,7.79,0.453,0.318,,3.81,2.446,4.19,0.389,0.245,,3.18,1.962,3.6,0.436,0.251,,0.593,0.55,0.636,,,
2026-05-09,Panserraikos,Kifisia,Greece/Super_League,8.01,2.833,7.79,0.432,0.3,,3.59,2.446,4.19,0.355,0.217,,3.65,1.962,3.6,0.531,0.333,,0.572,0.514,0.721,,,
2026-05-09,AVS,Porto,Portugal/Primeira_Liga,8.43,2.819,8.33,0.489,0.352,,3.38,2.159,4.39,0.302,0.163,,5.16,2.039,3.94,0.792,0.626,0.433,0.629,0.478,,,,
2026-05-09,Alverca,Estoril,Portugal/Primeira_Liga,8.29,2.819,8.33,0.47,0.333,,3.98,2.159,4.39,0.405,0.241,,3.73,2.039,3.94,0.545,0.353,0.193,0.61,0.588,,,,
2026-05-09,Benfica,Sporting Braga,Portugal/Primeira_Liga,8.7,2.819,8.33,0.529,0.389,,6.71,2.159,4.39,0.846,0.712,,2.51,2.039,3.94,0.314,0.165,0.071,0.665,0.931,,,,
2026-05-09,Estrela,Famalicao,Portugal/Primeira_Liga,8.4,2.819,8.33,0.486,0.349,,4.47,2.159,4.39,0.494,0.316,,4.85,2.039,3.94,0.747,0.569,0.376,0.626,0.673,,,,
2026-05-09,Gil Vicente,Arouca,Portugal/Primeira_Liga,8.2,2.819,8.33,0.458,0.322,,4.63,2.159,4.39,0.524,0.344,,2.83,2.039,3.94,0.371,0.206,0.095,0.598,0.7,,,,
2026-05-09,Rio Ave,Sp Lisbon,Portugal/Primeira_Liga,8.45,2.819,8.33,0.493,0.354,,2.98,2.159,4.39,0.24,0.121,,6.5,2.039,3.94,0.929,0.836,0.688,0.632,0.404,,,,
2026-05-09,Santa Clara,Nacional,Portugal/Primeira_Liga,8.25,2.819,8.33,0.464,0.328,,4.13,2.159,4.39,0.431,0.262,,3.97,2.039,3.94,0.59,0.397,0.226,0.604,0.614,,,,
2026-05-09,Tondela,Moreirense,Portugal/Primeira_Liga,7.8,2.819,8.33,0.401,0.273,,4.28,2.159,4.39,0.46,0.287,,3.75,2.039,3.94,0.548,0.356,0.195,0.542,0.642,,,,
2026-05-09,Vitoria SC,Casa Pia,Portugal/Primeira_Liga,8.0,2.819,8.33,0.43,0.298,,3.91,2.159,4.39,0.393,0.231,,3.41,2.039,3.94,0.482,0.296,0.152,0.571,0.576,,,,
2026-05-09,Aberdeen,Dundee United,Scotland/Premiership,9.33,3.102,8.75,0.606,0.478,0.353,4.17,2.254,4.94,0.442,0.277,0.15,4.46,2.248,3.81,0.665,0.492,0.321,,,,,,
2026-05-09,Dundee,Livingston,Scotland/Premiership,8.63,3.102,8.75,0.517,0.39,0.274,5.04,2.254,4.94,0.594,0.419,0.258,3.45,2.248,3.81,0.491,0.32,0.181,,,,,,
2026-05-09,Falkirk,Hibernian,Scotland/Premiership,8.61,3.102,8.75,0.514,0.387,0.271,5.06,2.254,4.94,0.598,0.423,0.262,3.45,2.248,3.81,0.491,0.32,0.181,,,,,,
2026-05-09,Motherwell,Hearts,Scotland/Premiership,9.13,3.102,8.75,0.58,0.452,0.329,5.17,2.254,4.94,0.616,0.441,0.277,4.23,2.248,3.81,0.627,0.452,0.286,,,,,,
2026-05-09,St Mirren,Kilmarnock,Scotland/Premiership,7.95,3.102,8.75,0.429,0.309,0.205,4.23,2.254,4.94,0.452,0.287,0.157,3.97,2.248,3.81,0.582,0.406,0.248,,,,,,
2026-05-10,Genk,Westerlo,Belgium/First_Division_A,9.33,3.11,8.85,0.605,0.478,0.353,5.66,2.264,4.79,0.695,0.528,0.355,4.06,2.261,4.06,0.597,0.423,0.262,,,,,,
2026-05-10,Gent,RSC Anderlecht,Belgium/First_Division_A,9.17,3.11,8.85,0.585,0.458,0.334,4.89,2.264,4.79,0.568,0.393,0.238,4.04,2.261,4.06,0.595,0.42,0.26,,,,,,
2026-05-10,Royal Antwerp FC,RC Sporting Charleroi,Belgium/First_Division_A,9.2,3.11,8.85,0.589,0.462,0.338,4.01,2.264,4.79,0.414,0.255,0.135,4.48,2.261,4.06,0.667,0.496,0.325,,,,,,
2026-05-10,Royale Union Saint-Gilloise,Mechelen,Belgium/First_Division_A,9.2,3.11,8.85,0.589,0.462,0.338,4.84,2.264,4.79,0.559,0.384,0.231,4.02,2.261,4.06,0.592,0.417,0.257,,,,,,
2026-05-10,Nott'm Forest,Newcastle,England/Premier_League,9.98,2.876,8.33,0.696,0.566,,4.67,2.071,4.43,0.533,0.345,,4.44,2.047,3.9,0.676,0.488,0.302,0.806,0.714,,,,
2026-05-10,West Ham,Arsenal,England/Premier_League,8.48,2.876,8.33,0.497,0.361,,3.17,2.071,4.43,0.26,0.13,,4.76,2.047,3.9,0.73,0.55,0.358,0.633,0.436,,,,
2026-05-10,FC Koln,Heidenheim,Germany/Bundesliga_1,9.94,3.167,9.35,0.675,0.555,0.43,5.65,2.411,5.25,0.684,0.525,0.362,3.94,2.156,4.1,0.581,0.398,0.235,,,,,,
2026-05-10,Hamburg,Freiburg,Germany/Bundesliga_1,9.19,3.167,9.35,0.586,0.461,0.34,4.76,2.411,5.25,0.542,0.379,0.235,4.37,2.156,4.1,0.656,0.475,0.299,,,,,,
2026-05-10,Mainz,Union Berlin,Germany/Bundesliga_1,8.77,3.167,9.35,0.534,0.409,0.293,5.08,2.411,5.25,0.595,0.431,0.278,4.11,2.156,4.1,0.611,0.428,0.259,,,,,,
2026-05-10,Fortuna Dusseldorf,Elversberg,Germany/Bundesliga_2,9.29,3.142,9.13,0.599,0.473,0.35,4.71,2.39,4.97,0.534,0.37,0.226,4.48,2.328,4.15,0.663,0.496,0.33,,,,,,
2026-05-10,Hertha,Greuther Furth,Germany/Bundesliga_2,8.93,3.142,9.13,0.555,0.429,0.309,5.93,2.39,4.97,0.725,0.572,0.406,4.2,2.328,4.15,0.618,0.448,0.288,,,,,,
2026-05-10,Preußen Münster,Darmstadt,Germany/Bundesliga_2,8.53,3.142,9.13,0.503,0.378,0.265,5.43,2.39,4.97,0.651,0.488,0.327,4.6,2.328,4.15,0.682,0.517,0.35,,,,,,
2026-05-10,AEK,Panathinaikos,Greece/Super_League,8.22,2.833,7.79,0.46,0.325,,4.3,2.446,4.19,0.467,0.311,,3.47,1.962,3.6,0.494,0.3,,0.6,0.628,0.69,,,
2026-05-10,Aris,OFI Crete,Greece/Super_League,8.4,2.833,7.79,0.486,0.349,,4.57,2.446,4.19,0.512,0.352,,3.77,1.962,3.6,0.554,0.354,,0.625,0.669,0.741,,,
2026-05-10,Olympiakos,PAOK,Greece/Super_League,8.19,2.833,7.79,0.457,0.322,,4.61,2.446,4.19,0.518,0.358,,3.82,1.962,3.6,0.565,0.365,,0.597,0.675,0.75,,,
2026-05-10,Volos NFC,Levadeiakos,Greece/Super_League,7.75,2.833,7.79,0.395,0.268,,4.27,2.446,4.19,0.462,0.307,,3.76,1.962,3.6,0.554,0.354,,0.535,0.623,0.74,,,
2026-05-10,Cagliari,Udinese,Italy/Serie_A,8.75,2.825,8.07,0.536,0.396,,4.0,2.262,4.43,0.412,0.254,,4.13,1.933,3.64,0.627,0.424,,0.671,0.587,0.8,,,
2026-05-10,Cremonese,Pisa,Italy/Serie_A,9.5,2.825,8.07,0.638,0.5,,4.97,2.262,4.43,0.582,0.407,,3.73,1.933,3.64,0.547,0.344,,0.76,0.742,0.737,,,
2026-05-10,Fiorentina,Genoa,Italy/Serie_A,8.86,2.825,8.07,0.551,0.411,,5.54,2.262,4.43,0.678,0.508,,3.86,1.933,3.64,0.573,0.369,,0.685,0.817,0.759,,,
2026-05-10,Lazio,Inter,Italy/Serie_A,8.4,2.825,8.07,0.486,0.348,,3.09,2.262,4.43,0.266,0.143,,4.64,1.933,3.64,0.722,0.528,,0.625,0.427,0.865,,,
2026-05-10,Lecce,Juventus,Italy/Serie_A,8.65,2.825,8.07,0.522,0.382,,3.37,2.262,4.43,0.309,0.174,,5.53,1.933,3.64,0.853,0.702,,0.658,0.478,0.941,,,
2026-05-10,Milan,Atalanta,Italy/Serie_A,8.39,2.825,8.07,0.485,0.348,,4.4,2.262,4.43,0.483,0.314,,3.79,1.933,3.64,0.56,0.357,,0.624,0.655,0.748,,,
2026-05-10,Napoli,Bologna,Italy/Serie_A,9.55,2.825,8.07,0.645,0.508,,5.64,2.262,4.43,0.693,0.525,,3.2,1.933,3.64,0.438,0.25,,0.766,0.828,0.641,,,
2026-05-10,Parma,Roma,Italy/Serie_A,7.84,2.825,8.07,0.407,0.278,,3.22,2.262,4.43,0.286,0.157,,4.59,1.933,3.64,0.714,0.518,,0.547,0.451,0.86,,,
2026-05-10,Torino,Sassuolo,Italy/Serie_A,8.7,2.825,8.07,0.528,0.388,,5.43,2.262,4.43,0.66,0.488,,3.99,1.933,3.64,0.601,0.396,,0.664,0.804,0.78,,,
2026-05-10,Verona,Como,Italy/Serie_A,9.58,2.825,8.07,0.649,0.512,,4.06,2.262,4.43,0.422,0.262,,5.3,1.933,3.64,0.824,0.661,,0.77,0.597,0.926,,,
2026-05-10,Ajax,Utrecht,Netherlands/Eredivisie,9.72,3.294,10.44,,0.527,0.407,5.09,2.471,5.59,0.594,0.434,0.284,4.12,2.628,4.85,,0.443,0.3,,,,,0.295,0.183
2026-05-10,Excelsior,Volendam,Netherlands/Eredivisie,9.78,3.294,10.44,,0.533,0.413,5.08,2.471,5.59,0.593,0.433,0.283,4.2,2.628,4.85,,0.455,0.311,,,,,0.3,0.191
2026-05-10,Feyenoord,AZ,Netherlands/Eredivisie,9.73,3.294,10.44,,0.528,0.407,6.91,2.471,5.59,0.835,0.715,0.565,3.42,2.628,4.85,,0.341,0.215,,,,,0.295,0.121
2026-05-10,For Sittard,Zwolle,Netherlands/Eredivisie,9.68,3.294,10.44,,0.522,0.401,5.43,2.471,5.59,0.647,0.489,0.333,4.4,2.628,4.85,,0.485,0.338,,,,,0.29,0.212
2026-05-10,Go Ahead,PSV,Netherlands/Eredivisie,9.77,3.294,10.44,,0.533,0.413,5.38,2.471,5.59,0.639,0.481,0.325,4.49,2.628,4.85,,0.499,0.351,,,,,0.3,0.222
2026-05-10,Groningen,Nijmegen,Netherlands/Eredivisie,9.77,3.294,10.44,,0.532,0.412,4.55,2.471,5.59,0.508,0.35,0.215,5.61,2.628,4.85,,0.664,0.517,,,,,0.299,0.368
2026-05-10,NAC Breda,Heerenveen,Netherlands/Eredivisie,9.79,3.294,10.44,,0.535,0.415,4.67,2.471,5.59,0.527,0.368,0.229,5.39,2.628,4.85,,0.633,0.483,,,,,0.302,0.336
2026-05-10,Telstar,Heracles,Netherlands/Eredivisie,9.7,3.294,10.44,,0.525,0.405,6.07,2.471,5.59,0.738,0.592,0.432,4.05,2.628,4.85,,0.433,0.291,,,,,0.293,0.176
2026-05-10,Twente,Sparta,Netherlands/Eredivisie,9.8,3.294,10.44,,0.536,0.416,6.49,2.471,5.59,0.79,0.656,0.499,3.05,2.628,4.85,,0.29,0.175,,,,,0.303,0.094
2026-05-10,Celtic,Rangers,Scotland/Premiership,9.46,3.102,8.75,0.622,0.495,0.369,5.72,2.254,4.94,0.705,0.538,0.364,3.91,2.248,3.81,0.572,0.396,0.24,,,,,,
2026-05-10,Ath Bilbao,Valencia,Spain/La_Liga,8.41,2.833,8.7,0.487,0.35,,5.37,2.082,4.88,0.661,0.474,0.293,3.34,2.061,3.83,0.468,0.286,0.147,0.626,,,,,
2026-05-10,Ath Madrid,Celta,Spain/La_Liga,9.7,2.833,8.7,0.664,0.528,,5.87,2.082,4.88,0.745,0.571,0.381,3.88,2.061,3.83,0.574,0.383,0.217,0.781,,,,,
2026-05-10,Barcelona,Real Madrid,Spain/La_Liga,9.64,2.833,8.7,0.656,0.519,,5.57,2.082,4.88,0.696,0.514,0.328,3.84,2.061,3.83,0.566,0.375,0.211,0.775,,,,,
2026-05-10,Elche,Alaves,Spain/La_Liga,8.35,2.833,8.7,0.478,0.342,,5.17,2.082,4.88,0.626,0.437,0.261,3.88,2.061,3.83,0.573,0.381,0.216,0.618,,,,,
2026-05-10,Levante,Osasuna,Spain/La_Liga,8.29,2.833,8.7,0.47,0.334,,4.45,2.082,4.88,0.49,0.307,0.162,3.81,2.061,3.83,0.56,0.37,0.207,0.61,,,,,
2026-05-10,Mallorca,Villarreal,Spain/La_Liga,8.29,2.833,8.7,0.471,0.335,,4.11,2.082,4.88,0.425,0.252,0.125,4.04,2.061,3.83,0.604,0.412,0.24,0.61,,,,,
2026-05-10,Oviedo,Getafe,Spain/La_Liga,7.73,2.833,8.7,0.393,0.266,,4.59,2.082,4.88,0.517,0.33,0.179,3.54,2.061,3.83,0.508,0.321,0.171,0.532,,,,,
2026-05-10,Sevilla,Espanol,Spain/La_Liga,7.65,2.833,8.7,0.382,0.257,,4.2,2.082,4.88,0.443,0.266,0.135,3.6,2.061,3.83,0.519,0.331,0.178,0.521,,,,,
2026-05-10,Sociedad,Betis,Spain/La_Liga,8.79,2.833,8.7,0.54,0.401,,4.84,2.082,4.88,0.565,0.375,0.212,3.71,2.061,3.83,0.541,0.351,0.193,0.675,,,,,
2026-05-10,Vallecano,Girona,Spain/La_Liga,8.32,2.833,8.7,0.475,0.338,,4.61,2.082,4.88,0.522,0.335,0.182,3.31,2.061,3.83,0.463,0.281,0.144,0.614,,,,,
2026-05-10,Albacete,Cultural Leonesa,Spain/Segunda_Division,7.25,3.33,8.54,0.354,0.25,,4.62,2.342,4.77,0.521,0.354,0.212,3.32,2.151,3.77,0.467,0.292,0.156,0.47,,,,,
2026-05-10,Burgos,Almeria,Spain/Segunda_Division,7.68,3.33,8.54,0.402,0.292,,4.56,2.342,4.77,0.51,0.344,0.204,3.22,2.151,3.77,0.449,0.277,0.145,0.521,,,,,
2026-05-10,Cadiz,Deportivo La Coruña,Spain/Segunda_Division,6.57,3.33,8.54,0.281,0.19,,3.68,2.342,4.77,0.364,0.219,0.115,3.45,2.151,3.77,0.49,0.312,0.17,0.39,,,,,
2026-05-10,Ceuta,Castellon,Spain/Segunda_Division,8.44,3.33,8.54,0.493,0.376,,4.46,2.342,4.77,0.494,0.329,0.192,4.2,2.151,3.77,0.627,0.444,0.273,0.612,,,,,
2026-05-10,Cordoba,Granada,Spain/Segunda_Division,8.04,3.33,8.54,0.445,0.33,,4.82,2.342,4.77,0.554,0.385,0.236,3.35,2.151,3.77,0.472,0.297,0.159,0.564,,,,,
2026-05-10,FC Andorra,Las Palmas,Spain/Segunda_Division,6.94,3.33,8.54,0.32,0.221,,4.28,2.342,4.77,0.462,0.301,0.171,3.34,2.151,3.77,0.47,0.294,0.157,0.433,,,,,
2026-05-10,Huesca,Real Sociedad B U21,Spain/Segunda_Division,6.52,3.33,8.54,0.277,0.186,,2.85,2.342,4.77,0.241,0.129,0.06,3.39,2.151,3.77,0.48,0.303,0.164,0.385,,,,,
2026-05-10,Leganés,Racing Santander,Spain/Segunda_Division,7.3,3.33,8.54,0.359,0.254,,4.89,2.342,4.77,0.565,0.396,0.245,2.91,2.151,3.77,0.392,0.23,0.115,0.476,,,,,
2026-05-10,Mirandes,Eibar,Spain/Segunda_Division,7.72,3.33,8.54,0.407,0.296,,4.62,2.342,4.77,0.521,0.354,0.211,3.5,2.151,3.77,0.501,0.322,0.177,0.526,,,,,
2026-05-10,Málaga CF,Sp Gijon,Spain/Segunda_Division,6.98,3.33,8.54,0.324,0.224,,4.58,2.342,4.77,0.513,0.347,0.206,3.19,2.151,3.77,0.442,0.271,0.141,0.438,,,,,
2026-05-10,Valladolid,Zaragoza,Spain/Segunda_Division,8.06,3.33,8.54,0.448,0.333,,4.16,2.342,4.77,0.443,0.284,0.159,3.44,2.151,3.77,0.489,0.311,0.169,0.567,,,,,
2026-05-10,Alanyaspor,Kayserispor,Turkey/Super_Lig,8.45,3.327,8.47,0.494,0.376,,5.2,2.355,4.69,0.616,0.449,,3.64,2.419,3.77,0.523,0.361,0.221,0.613,0.764,,,,
2026-05-10,Besiktas,Trabzonspor,Turkey/Super_Lig,8.53,3.327,8.47,0.503,0.385,,5.67,2.355,4.69,0.691,0.529,,3.86,2.419,3.77,0.56,0.396,0.249,0.621,0.822,,,,
2026-05-10,Buyuksehyr,Samsunspor,Turkey/Super_Lig,8.7,3.327,8.47,0.524,0.405,,5.27,2.355,4.69,0.628,0.461,,3.57,2.419,3.77,0.512,0.351,0.213,0.641,0.774,,,,
2026-05-10,Eyupspor,Çaykur Rizespor,Turkey/Super_Lig,8.18,3.327,8.47,0.461,0.346,,4.29,2.355,4.69,0.464,0.303,,3.22,2.419,3.77,0.455,0.299,0.173,0.581,0.631,,,,
2026-05-10,Galatasaray,Antalyaspor,Turkey/Super_Lig,10.05,3.327,8.47,0.68,0.566,,6.92,2.355,4.69,0.848,0.727,,3.33,2.419,3.77,0.471,0.314,0.184,0.779,0.927,,,,
2026-05-10,Gençlerbirliği,Kasimpasa,Turkey/Super_Lig,8.13,3.327,8.47,0.456,0.341,,4.46,2.355,4.69,0.494,0.33,,3.87,2.419,3.77,0.561,0.397,0.25,0.575,0.659,,,,
2026-05-10,Göztepe,Gaziantep,Turkey/Super_Lig,8.43,3.327,8.47,0.492,0.374,,4.96,2.355,4.69,0.577,0.409,,4.09,2.419,3.77,0.596,0.432,0.279,0.61,0.732,,,,
2026-05-10,Kocaelispor,Karagumruk,Turkey/Super_Lig,8.1,3.327,8.47,0.453,0.337,,4.76,2.355,4.69,0.544,0.376,,3.61,2.419,3.77,0.518,0.357,0.217,0.572,0.703,,,,
2026-05-10,Konyaspor,Fenerbahce,Turkey/Super_Lig,9.74,3.327,8.47,0.646,0.529,,3.98,2.355,4.69,0.412,0.259,,5.41,2.419,3.77,0.786,0.647,0.486,0.75,0.58,,,,
2026-05-11,Tottenham,Leeds,England/Premier_League,9.1,2.876,8.33,0.583,0.445,,4.75,2.071,4.43,0.549,0.359,,4.38,2.047,3.9,0.667,0.477,0.292,0.711,0.727,,,,
2026-05-12,Asteras Tripolis,Panserraikos,Greece/Super_League,8.18,2.833,7.79,0.456,0.321,,4.24,2.446,4.19,0.457,0.303,,3.98,1.962,3.6,0.597,0.396,,0.596,0.619,0.775,,,
2026-05-12,Kifisia,Atromitos,Greece/Super_League,8.23,2.833,7.79,0.462,0.327,,4.85,2.446,4.19,0.557,0.395,,3.67,1.962,3.6,0.536,0.337,,0.601,0.71,0.725,,,
2026-05-12,Panetolikos,AEL,Greece/Super_League,8.32,2.833,7.79,0.475,0.339,,4.46,2.446,4.19,0.493,0.335,,3.59,1.962,3.6,0.519,0.322,,0.614,0.652,0.711,,,
2026-05-12,Aberdeen,St Mirren,Scotland/Premiership,8.55,3.102,8.75,0.506,0.38,0.265,4.76,2.254,4.94,0.546,0.372,0.22,3.96,2.248,3.81,0.58,0.404,0.246,,,,,,
2026-05-12,Dundee United,Livingston,Scotland/Premiership,8.58,3.102,8.75,0.51,0.383,0.268,5.46,2.254,4.94,0.665,0.493,0.322,4.01,2.248,3.81,0.59,0.414,0.254,,,,,,
2026-05-12,Kilmarnock,Dundee,Scotland/Premiership,8.31,3.102,8.75,0.475,0.35,0.24,4.57,2.254,4.94,0.512,0.339,0.195,4.09,2.248,3.81,0.603,0.428,0.265,,,,,,
2026-05-13,Brest,Strasbourg,France/Ligue_1,8.52,3.15,8.49,0.502,0.378,,4.22,2.307,4.68,0.451,0.289,,5.02,2.198,3.81,0.755,0.594,0.414,0.627,0.622,,,,
2026-05-13,Lens,Paris SG,France/Ligue_1,9.33,3.15,8.49,0.604,0.478,,4.52,2.307,4.68,0.503,0.335,,5.61,2.198,3.81,0.831,0.693,0.52,0.719,0.67,,,,
2026-05-13,Levadeiakos,OFI Crete,Greece/Super_League,7.96,2.833,7.79,0.424,0.293,,4.24,2.446,4.19,0.458,0.303,,3.55,1.962,3.6,0.509,0.313,,0.565,0.619,0.703,,,
2026-05-13,Olympiakos,Panathinaikos,Greece/Super_League,8.3,2.833,7.79,0.472,0.336,,4.77,2.446,4.19,0.545,0.383,,3.49,1.962,3.6,0.497,0.303,,0.611,0.699,0.693,,,
2026-05-13,PAOK,AEK,Greece/Super_League,8.34,2.833,7.79,0.477,0.341,,4.47,2.446,4.19,0.495,0.337,,3.08,1.962,3.6,0.416,0.235,,0.616,0.654,0.617,,,
2026-05-13,Volos NFC,Aris,Greece/Super_League,8.5,2.833,7.79,0.5,0.362,,4.46,2.446,4.19,0.493,0.335,,3.47,1.962,3.6,0.494,0.3,,0.638,0.652,0.69,,,
2026-05-13,Hearts,Falkirk,Scotland/Premiership,8.9,3.102,8.75,0.552,0.424,0.303,6.06,2.254,4.94,0.756,0.599,0.423,3.07,2.248,3.81,0.425,0.263,0.14,,,,,,
2026-05-13,Motherwell,Celtic,Scotland/Premiership,9.79,3.102,8.75,0.661,0.537,0.409,4.45,2.254,4.94,0.492,0.321,0.182,5.94,2.248,3.81,0.861,0.739,0.578,,,,,,
2026-05-13,Rangers,Hibernian,Scotland/Premiership,9.82,3.102,8.75,0.665,0.541,0.414,7.04,2.254,4.94,0.87,0.753,0.595,3.01,2.248,3.81,0.414,0.254,0.134,,,,,,
2026-05-13,Alaves,Barcelona,Spain/La_Liga,9.62,2.833,8.7,0.653,0.516,,4.14,2.082,4.88,0.431,0.256,0.128,6.11,2.061,3.83,0.897,0.783,0.617,0.773,,,,,
2026-05-13,Betis,Elche,Spain/La_Liga,8.2,2.833,8.7,0.458,0.324,,5.32,2.082,4.88,0.653,0.465,0.285,2.86,2.061,3.83,0.379,0.214,0.101,0.598,,,,,
2026-05-13,Celta,Levante,Spain/La_Liga,9.16,2.833,8.7,0.592,0.452,,5.09,2.082,4.88,0.612,0.422,0.249,3.31,2.061,3.83,0.464,0.282,0.144,0.721,,,,,
2026-05-13,Espanol,Ath Bilbao,Spain/La_Liga,8.34,2.833,8.7,0.477,0.341,,4.35,2.082,4.88,0.471,0.29,0.151,4.12,2.061,3.83,0.618,0.427,0.252,0.616,,,,,
2026-05-13,Getafe,Mallorca,Spain/La_Liga,7.72,2.833,8.7,0.392,0.265,,4.48,2.082,4.88,0.496,0.312,0.166,3.54,2.061,3.83,0.507,0.32,0.171,0.532,,,,,
2026-05-13,Girona,Sociedad,Spain/La_Liga,7.95,2.833,8.7,0.423,0.293,,4.51,2.082,4.88,0.501,0.316,0.169,3.64,2.061,3.83,0.527,0.338,0.183,0.564,,,,,
2026-05-13,Osasuna,Ath Madrid,Spain/La_Liga,8.35,2.833,8.7,0.479,0.342,,4.36,2.082,4.88,0.473,0.291,0.152,3.94,2.061,3.83,0.584,0.393,0.225,0.618,,,,,
2026-05-13,Real Madrid,Oviedo,Spain/La_Liga,10.94,2.833,8.7,0.806,0.695,,7.6,2.082,4.88,0.932,0.843,0.701,3.33,2.061,3.83,0.466,0.285,0.146,0.888,,,,,
2026-05-13,Valencia,Vallecano,Spain/La_Liga,8.09,2.833,8.7,0.443,0.31,,4.8,2.082,4.88,0.557,0.368,0.207,3.62,2.061,3.83,0.524,0.336,0.182,0.583,,,,,
2026-05-13,Villarreal,Sevilla,Spain/La_Liga,8.62,2.833,8.7,0.517,0.379,,5.18,2.082,4.88,0.629,0.44,0.264,2.87,2.061,3.83,0.381,0.215,0.101,0.654,,,,,
2026-05-15,Oud-Heverlee Leuven,Royal Antwerp FC,Belgium/First_Division_A,9.14,3.11,8.85,0.582,0.455,0.332,4.42,2.264,4.79,0.487,0.317,0.18,3.85,2.261,4.06,0.562,0.388,0.233,,,,,,
2026-05-16,RC Sporting Charleroi,Westerlo,Belgium/First_Division_A,9.26,3.11,8.85,0.596,0.469,0.345,4.58,2.264,4.79,0.514,0.342,0.198,4.64,2.261,4.06,0.693,0.525,0.352,,,,,,
2026-05-16,Sint-Truidense VV,Gent,Belgium/First_Division_A,9.26,3.11,8.85,0.596,0.469,0.345,4.24,2.264,4.79,0.454,0.289,0.159,4.51,2.261,4.06,0.673,0.502,0.331,,,,,,
2026-05-16,Standard Liège,Genk,Belgium/First_Division_A,9.2,3.11,8.85,0.589,0.462,0.338,4.24,2.264,4.79,0.454,0.289,0.159,4.57,2.261,4.06,0.682,0.512,0.34,,,,,,
2026-05-16,Brest,Angers,France/Ligue_1,8.11,3.15,8.49,0.451,0.33,,5.0,2.307,4.68,0.585,0.414,,3.45,2.198,3.81,0.491,0.316,0.175,0.577,0.742,,,,
2026-05-16,Lille,Auxerre,France/Ligue_1,8.34,3.15,8.49,0.48,0.356,,5.57,2.307,4.68,0.679,0.512,,2.61,2.198,3.81,0.342,0.195,0.094,0.605,0.815,,,,
2026-05-16,Lorient,Le Havre,France/Ligue_1,8.3,3.15,8.49,0.475,0.352,,4.76,2.307,4.68,0.545,0.375,,3.35,2.198,3.81,0.473,0.301,0.164,0.6,0.708,,,,
2026-05-16,Lyon,Lens,France/Ligue_1,8.39,3.15,8.49,0.486,0.362,,4.37,2.307,4.68,0.477,0.312,,4.02,2.198,3.81,0.594,0.414,0.251,0.611,0.647,,,,
2026-05-16,Marseille,Rennes,France/Ligue_1,9.4,3.15,8.49,0.613,0.488,,5.42,2.307,4.68,0.655,0.486,,4.17,2.198,3.81,0.62,0.441,0.273,0.727,0.798,,,,
2026-05-16,Nantes,Toulouse,France/Ligue_1,7.79,3.15,8.49,0.411,0.294,,4.31,2.307,4.68,0.468,0.303,,3.8,2.198,3.81,0.555,0.376,0.22,0.537,0.638,,,,
2026-05-16,Nice,Metz,France/Ligue_1,8.26,3.15,8.49,0.469,0.346,,5.24,2.307,4.68,0.626,0.456,,3.06,2.198,3.81,0.421,0.256,0.133,0.595,0.775,,,,
2026-05-16,Paris FC,Paris SG,France/Ligue_1,9.09,3.15,8.49,0.574,0.448,,4.26,2.307,4.68,0.459,0.296,,5.56,2.198,3.81,0.826,0.685,0.511,0.693,0.629,,,,
2026-05-16,Strasbourg,Monaco,France/Ligue_1,8.35,3.15,8.49,0.481,0.357,,4.44,2.307,4.68,0.49,0.323,,4.42,2.198,3.81,0.662,0.485,0.312,0.606,0.658,,,,
2026-05-16,Bayern Munich,FC Koln,Germany/Bundesliga_1,12.75,3.167,9.35,0.91,0.847,0.761,8.51,2.411,5.25,0.952,0.894,0.798,3.49,2.156,4.1,0.498,0.32,0.175,,,,,,
2026-05-16,Ein Frankfurt,Stuttgart,Germany/Bundesliga_1,9.86,3.167,9.35,0.666,0.545,0.42,4.96,2.411,5.25,0.576,0.412,0.262,4.81,2.156,4.1,0.728,0.557,0.374,,,,,,
2026-05-16,Freiburg,RB Leipzig,Germany/Bundesliga_1,10.23,3.167,9.35,0.708,0.592,0.467,5.04,2.411,5.25,0.589,0.425,0.273,4.45,2.156,4.1,0.67,0.49,0.313,,,,,,
2026-05-16,Heidenheim,Mainz,Germany/Bundesliga_1,8.77,3.167,9.35,0.535,0.409,0.293,4.57,2.411,5.25,0.511,0.349,0.211,4.75,2.156,4.1,0.72,0.547,0.365,,,,,,
2026-05-16,Leverkusen,Hamburg,Germany/Bundesliga_1,10.03,3.167,9.35,0.686,0.567,0.441,6.68,2.411,5.25,0.817,0.688,0.53,3.13,2.156,4.1,0.432,0.262,0.136,,,,,,
2026-05-16,M'gladbach,Hoffenheim,Germany/Bundesliga_1,9.45,3.167,9.35,0.618,0.494,0.37,4.99,2.411,5.25,0.58,0.416,0.265,5.21,2.156,4.1,0.786,0.629,0.446,,,,,,
2026-05-16,St Pauli,Wolfsburg,Germany/Bundesliga_1,9.47,3.167,9.35,0.621,0.496,0.373,5.07,2.411,5.25,0.593,0.429,0.276,4.04,2.156,4.1,0.599,0.416,0.249,,,,,,
2026-05-16,Union Berlin,Augsburg,Germany/Bundesliga_1,8.91,3.167,9.35,0.551,0.426,0.307,4.72,2.411,5.25,0.537,0.374,0.23,4.44,2.156,4.1,0.669,0.489,0.312,,,,,,
2026-05-16,Werder Bremen,Dortmund,Germany/Bundesliga_1,9.45,3.167,9.35,0.618,0.494,0.37,3.97,2.411,5.25,0.413,0.263,0.147,5.55,2.156,4.1,0.83,0.687,0.51,,,,,,
2026-05-16,AEL,Atromitos,Greece/Super_League,8.7,2.833,7.79,0.528,0.389,,4.89,2.446,4.19,0.564,0.402,,4.5,1.962,3.6,0.695,0.5,,0.664,0.715,0.846,,,
2026-05-16,Asteras Tripolis,Kifisia,Greece/Super_League,8.13,2.833,7.79,0.448,0.314,,4.62,2.446,4.19,0.519,0.359,,4.28,1.962,3.6,0.654,0.455,,0.588,0.676,0.817,,,
2026-05-16,Panserraikos,Panetolikos,Greece/Super_League,7.82,2.833,7.79,0.406,0.277,,4.02,2.446,4.19,0.423,0.273,,3.27,1.962,3.6,0.453,0.265,,0.546,0.585,0.653,,,
2026-05-16,Arouca,Tondela,Portugal/Primeira_Liga,7.96,2.819,8.33,0.424,0.292,,4.36,2.159,4.39,0.474,0.298,,4.12,2.039,3.94,0.62,0.427,0.25,0.565,0.654,,,,
2026-05-16,Casa Pia,Rio Ave,Portugal/Primeira_Liga,8.13,2.819,8.33,0.447,0.313,,4.28,2.159,4.39,0.46,0.286,,3.08,2.039,3.94,0.419,0.244,0.118,0.588,0.641,,,,
2026-05-16,Estoril,Benfica,Portugal/Primeira_Liga,8.57,2.819,8.33,0.51,0.371,,3.54,2.159,4.39,0.328,0.182,,5.74,2.039,3.94,0.864,0.729,0.548,0.648,0.507,,,,
2026-05-16,Famalicao,Alverca,Portugal/Primeira_Liga,8.21,2.819,8.33,0.459,0.323,,4.95,2.159,4.39,0.583,0.4,,3.44,2.039,3.94,0.489,0.302,0.156,0.599,0.749,,,,
2026-05-16,Moreirense,AVS,Portugal/Primeira_Liga,7.9,2.819,8.33,0.416,0.286,,4.15,2.159,4.39,0.436,0.266,,3.39,2.039,3.94,0.479,0.294,0.151,0.557,0.619,,,,
2026-05-16,Nacional,Vitoria SC,Portugal/Primeira_Liga,8.17,2.819,8.33,0.454,0.319,,4.58,2.159,4.39,0.514,0.335,,3.59,2.039,3.94,0.518,0.328,0.174,0.594,0.691,,,,
2026-05-16,Porto,Santa Clara,Portugal/Primeira_Liga,8.91,2.819,8.33,0.558,0.417,,6.73,2.159,4.39,0.849,0.716,,2.39,2.039,3.94,0.293,0.15,0.064,0.691,0.933,,,,
2026-05-16,Sp Lisbon,Gil Vicente,Portugal/Primeira_Liga,8.84,2.819,8.33,0.548,0.408,,7.3,2.159,4.39,0.903,0.798,,2.88,2.039,3.94,0.38,0.213,0.099,0.683,0.961,,,,
2026-05-16,Sporting Braga,Estrela,Portugal/Primeira_Liga,8.58,2.819,8.33,0.511,0.372,,3.89,2.159,4.39,0.388,0.228,,3.17,2.039,3.94,0.436,0.257,0.126,0.649,0.571,,,,
2026-05-16,Celtic,Hearts,Scotland/Premiership,9.3,3.102,8.75,0.602,0.474,0.35,5.19,2.254,4.94,0.62,0.445,0.28,3.49,2.248,3.81,0.497,0.326,0.185,,,,,,
2026-05-16,Falkirk,Rangers,Scotland/Premiership,9.92,3.102,8.75,0.677,0.554,0.426,3.94,2.254,4.94,0.402,0.244,0.128,6.08,2.248,3.81,0.875,0.76,0.603,,,,,,
2026-05-16,Hibernian,Motherwell,Scotland/Premiership,9.16,3.102,8.75,0.584,0.456,0.332,4.52,2.254,4.94,0.503,0.331,0.189,3.84,2.248,3.81,0.56,0.384,0.23,,,,,,
2026-05-17,Club Brugge,Royale Union Saint-Gilloise,Belgium/First_Division_A,9.3,3.11,8.85,0.602,0.475,0.35,6.85,2.264,4.79,0.85,0.724,0.561,3.46,2.261,4.06,0.493,0.323,0.183,,,,,,
2026-05-17,RSC Anderlecht,Mechelen,Belgium/First_Division_A,9.2,3.11,8.85,0.589,0.462,0.338,4.76,2.264,4.79,0.545,0.371,0.221,4.42,2.261,4.06,0.658,0.485,0.316,,,,,,
2026-05-17,Arsenal,Burnley,England/Premier_League,9.27,2.876,8.33,0.606,0.469,,6.59,2.071,4.43,0.844,0.701,,2.7,2.047,3.9,0.347,0.189,0.085,0.731,0.932,,,,
2026-05-17,Aston Villa,Liverpool,England/Premier_League,8.98,2.876,8.33,0.566,0.428,,4.48,2.071,4.43,0.497,0.312,,4.11,2.047,3.9,0.617,0.424,0.248,0.697,0.683,,,,
2026-05-17,Bournemouth,Man City,England/Premier_League,8.79,2.876,8.33,0.54,0.402,,3.26,2.071,4.43,0.274,0.14,,5.04,2.047,3.9,0.775,0.605,0.412,0.673,0.454,,,,
2026-05-17,Brentford,Crystal Palace,England/Premier_League,8.95,2.876,8.33,0.563,0.425,,4.18,2.071,4.43,0.439,0.262,,3.64,2.047,3.9,0.527,0.337,0.181,0.694,0.629,,,,
2026-05-17,Chelsea,Tottenham,England/Premier_League,9.4,2.876,8.33,0.622,0.486,,5.59,2.071,4.43,0.7,0.517,,4.03,2.047,3.9,0.602,0.409,0.236,0.745,0.843,,,,
2026-05-17,Everton,Sunderland,England/Premier_League,9.24,2.876,8.33,0.601,0.464,,5.91,2.071,4.43,0.751,0.578,,3.38,2.047,3.9,0.476,0.292,0.15,0.727,0.877,,,,
2026-05-17,Leeds,Brighton,England/Premier_League,9.36,2.876,8.33,0.618,0.481,,4.27,2.071,4.43,0.456,0.276,,4.74,2.047,3.9,0.727,0.546,0.355,0.742,0.645,,,,
2026-05-17,Man United,Nott'm Forest,England/Premier_League,12.48,2.876,8.33,0.917,0.85,,8.49,2.071,4.43,0.973,0.926,,3.73,2.047,3.9,0.544,0.353,0.193,0.958,0.992,,,,
2026-05-17,Newcastle,West Ham,England/Premier_League,9.29,2.876,8.33,0.608,0.471,,5.44,2.071,4.43,0.674,0.488,,3.66,2.047,3.9,0.53,0.34,0.184,0.733,0.825,,,,
2026-05-17,Wolves,Fulham,England/Premier_League,8.46,2.876,8.33,0.494,0.359,,4.03,2.071,4.43,0.41,0.239,,4.37,2.047,3.9,0.665,0.476,0.291,0.631,0.601,,,,
2026-05-17,Bielefeld,Hertha,Germany/Bundesliga_2,9.32,3.142,9.13,0.603,0.477,0.354,4.59,2.39,4.97,0.514,0.351,0.212,4.4,2.328,4.15,0.65,0.483,0.318,,,,,,
2026-05-17,Darmstadt,Paderborn,Germany/Bundesliga_2,10.09,3.142,9.13,0.694,0.575,0.448,5.3,2.39,4.97,0.631,0.467,0.308,4.63,2.328,4.15,0.686,0.522,0.354,,,,,,
2026-05-17,Dresden,Holstein Kiel,Germany/Bundesliga_2,9.1,3.142,9.13,0.575,0.449,0.328,4.72,2.39,4.97,0.537,0.373,0.229,4.4,2.328,4.15,0.65,0.483,0.318,,,,,,
2026-05-17,Elversberg,Preußen Münster,Germany/Bundesliga_2,9.01,3.142,9.13,0.565,0.438,0.318,5.41,2.39,4.97,0.648,0.485,0.324,4.4,2.328,4.15,0.651,0.483,0.319,,,,,,
2026-05-17,Greuther Furth,Fortuna Dusseldorf,Germany/Bundesliga_2,9.35,3.142,9.13,0.607,0.481,0.358,4.47,2.39,4.97,0.494,0.333,0.197,4.4,2.328,4.15,0.65,0.482,0.318,,,,,,
2026-05-17,Hannover,Nurnberg,Germany/Bundesliga_2,9.85,3.142,9.13,0.666,0.545,0.418,5.43,2.39,4.97,0.652,0.489,0.328,4.43,2.328,4.15,0.655,0.488,0.323,,,,,,
2026-05-17,Karlsruhe,Bochum,Germany/Bundesliga_2,9.54,3.142,9.13,0.629,0.505,0.38,4.87,2.39,4.97,0.561,0.396,0.247,4.45,2.328,4.15,0.659,0.492,0.327,,,,,,
2026-05-17,Magdeburg,Kaiserslautern,Germany/Bundesliga_2,9.6,3.142,9.13,0.636,0.512,0.387,4.47,2.39,4.97,0.495,0.333,0.198,4.61,2.328,4.15,0.683,0.519,0.351,,,,,,
2026-05-17,Schalke 04,Braunschweig,Germany/Bundesliga_2,10.01,3.142,9.13,0.684,0.564,0.438,5.8,2.39,4.97,0.707,0.55,0.385,4.3,2.328,4.15,0.634,0.465,0.303,,,,,,
2026-05-17,AEK,Olympiakos,Greece/Super_League,8.16,2.833,7.79,0.452,0.318,,4.55,2.446,4.19,0.509,0.349,,3.68,1.962,3.6,0.536,0.338,,0.592,0.667,0.726,,,
2026-05-17,Aris,Levadeiakos,Greece/Super_League,8.16,2.833,7.79,0.452,0.318,,4.32,2.446,4.19,0.471,0.315,,3.23,1.962,3.6,0.444,0.258,,0.592,0.631,0.644,,,
2026-05-17,OFI Crete,Volos NFC,Greece/Super_League,8.07,2.833,7.79,0.439,0.307,,4.82,2.446,4.19,0.552,0.391,,3.9,1.962,3.6,0.582,0.381,,0.579,0.706,0.763,,,
2026-05-17,Panathinaikos,PAOK,Greece/Super_League,8.4,2.833,7.79,0.486,0.349,,4.59,2.446,4.19,0.515,0.355,,3.52,1.962,3.6,0.503,0.308,,0.625,0.672,0.698,,,
2026-05-17,Atalanta,Bologna,Italy/Serie_A,8.26,2.825,8.07,0.466,0.33,,4.83,2.262,4.43,0.559,0.384,,3.42,1.933,3.64,0.483,0.288,,0.606,0.722,0.682,,,
2026-05-17,Cagliari,Torino,Italy/Serie_A,8.46,2.825,8.07,0.494,0.356,,4.38,2.262,4.43,0.478,0.31,,4.03,1.933,3.64,0.609,0.405,,0.632,0.651,0.786,,,
2026-05-17,Como,Parma,Italy/Serie_A,9.17,2.825,8.07,0.594,0.454,,7.08,2.262,4.43,0.873,0.758,,2.9,1.933,3.64,0.379,0.204,,0.723,0.943,0.583,,,
2026-05-17,Genoa,Milan,Italy/Serie_A,8.25,2.825,8.07,0.465,0.329,,3.41,2.262,4.43,0.315,0.178,,4.41,1.933,3.64,0.681,0.481,,0.605,0.485,0.838,,,
2026-05-17,Inter,Verona,Italy/Serie_A,9.5,2.825,8.07,0.638,0.5,,6.98,2.262,4.43,0.864,0.744,,3.14,1.933,3.64,0.427,0.241,,0.76,0.938,0.63,,,
2026-05-17,Juventus,Fiorentina,Italy/Serie_A,9.12,2.825,8.07,0.587,0.447,,5.8,2.262,4.43,0.718,0.553,,3.51,1.933,3.64,0.503,0.305,,0.717,0.846,0.7,,,
2026-05-17,Pisa,Napoli,Italy/Serie_A,9.43,2.825,8.07,0.629,0.49,,2.93,2.262,4.43,0.244,0.128,,5.75,1.933,3.64,0.877,0.74,,0.753,0.401,0.953,,,
2026-05-17,Roma,Lazio,Italy/Serie_A,8.23,2.825,8.07,0.462,0.327,,4.1,2.262,4.43,0.43,0.268,,3.81,1.933,3.64,0.563,0.36,,0.602,0.605,0.751,,,
2026-05-17,Sassuolo,Lecce,Italy/Serie_A,8.59,2.825,8.07,0.512,0.373,,4.86,2.262,4.43,0.563,0.389,,3.6,1.933,3.64,0.52,0.32,,0.65,0.726,0.715,,,
2026-05-17,Udinese,Cremonese,Italy/Serie_A,8.82,2.825,8.07,0.545,0.405,,5.06,2.262,4.43,0.597,0.422,,3.41,1.933,3.64,0.481,0.286,,0.68,0.754,0.681,,,
2026-05-17,AZ,NAC Breda,Netherlands/Eredivisie,9.78,3.294,10.44,,0.533,0.413,5.49,2.471,5.59,0.656,0.498,0.341,4.13,2.628,4.85,,0.444,0.301,,,,,0.3,0.183
2026-05-17,Heerenveen,Ajax,Netherlands/Eredivisie,9.75,3.294,10.44,,0.53,0.41,4.9,2.471,5.59,0.564,0.403,0.258,4.78,2.628,4.85,,0.542,0.392,,,,,0.298,0.256
2026-05-17,Heracles,Groningen,Netherlands/Eredivisie,9.69,3.294,10.44,,0.523,0.403,4.7,2.471,5.59,0.532,0.373,0.233,5.33,2.628,4.85,,0.624,0.474,,,,,0.292,0.328
2026-05-17,Nijmegen,Go Ahead,Netherlands/Eredivisie,9.79,3.294,10.44,,0.536,0.415,6.1,2.471,5.59,0.741,0.595,0.435,3.74,2.628,4.85,,0.386,0.251,,,,,0.302,0.147
2026-05-17,PSV,Twente,Netherlands/Eredivisie,9.77,3.294,10.44,,0.533,0.413,4.86,2.471,5.59,0.557,0.397,0.253,5.08,2.628,4.85,,0.587,0.437,,,,,0.3,0.295
2026-05-17,Sparta,Excelsior,Netherlands/Eredivisie,9.77,3.294,10.44,,0.533,0.413,5.16,2.471,5.59,0.605,0.445,0.294,4.39,2.628,4.85,,0.484,0.337,,,,,0.3,0.211
2026-05-17,Utrecht,For Sittard,Netherlands/Eredivisie,9.75,3.294,10.44,,0.53,0.409,5.83,2.471,5.59,0.705,0.554,0.394,3.8,2.628,4.85,,0.395,0.259,,,,,0.297,0.152
2026-05-17,Volendam,Telstar,Netherlands/Eredivisie,9.68,3.294,10.44,,0.522,0.401,4.79,2.471,5.59,0.546,0.386,0.244,4.46,2.628,4.85,,0.495,0.347,,,,,0.29,0.219
2026-05-17,Zwolle,Feyenoord,Netherlands/Eredivisie,9.72,3.294,10.44,,0.526,0.406,4.46,2.471,5.59,0.493,0.337,0.204,5.01,2.628,4.85,,0.577,0.426,,,,,0.294,0.285
2026-05-17,Dundee,Aberdeen,Scotland/Premiership,7.99,3.102,8.75,0.434,0.313,0.209,4.54,2.254,4.94,0.507,0.335,0.192,3.45,2.248,3.81,0.492,0.321,0.181,,,,,,
2026-05-17,Livingston,Kilmarnock,Scotland/Premiership,8.33,3.102,8.75,0.478,0.353,0.242,4.27,2.254,4.94,0.459,0.292,0.161,3.55,2.248,3.81,0.508,0.336,0.193,,,,,,
2026-05-17,St Mirren,Dundee United,Scotland/Premiership,8.58,3.102,8.75,0.51,0.383,0.268,3.99,2.254,4.94,0.411,0.252,0.133,4.04,2.248,3.81,0.595,0.419,0.258,,,,,,
2026-05-17,Ath Bilbao,Celta,Spain/La_Liga,8.5,2.833,8.7,0.499,0.361,,4.99,2.082,4.88,0.593,0.403,0.234,3.81,2.061,3.83,0.56,0.369,0.206,0.637,,,,,
2026-05-17,Ath Madrid,Girona,Spain/La_Liga,9.1,2.833,8.7,0.584,0.444,,6.07,2.082,4.88,0.775,0.608,0.418,3.1,2.061,3.83,0.424,0.249,0.123,0.714,,,,,
2026-05-17,Barcelona,Betis,Spain/La_Liga,9.9,2.833,8.7,0.69,0.557,,6.64,2.082,4.88,0.848,0.708,0.527,2.92,2.061,3.83,0.389,0.222,0.105,0.802,,,,,
2026-05-17,Elche,Getafe,Spain/La_Liga,8.06,2.833,8.7,0.438,0.306,,4.44,2.082,4.88,0.488,0.305,0.161,3.56,2.061,3.83,0.512,0.324,0.174,0.579,,,,,
2026-05-17,Levante,Mallorca,Spain/La_Liga,8.84,2.833,8.7,0.547,0.408,,4.82,2.082,4.88,0.56,0.371,0.209,4.25,2.061,3.83,0.642,0.452,0.272,0.682,,,,,
2026-05-17,Osasuna,Espanol,Spain/La_Liga,9.07,2.833,8.7,0.579,0.439,,5.46,2.082,4.88,0.678,0.493,0.309,3.36,2.061,3.83,0.474,0.291,0.15,0.71,,,,,
2026-05-17,Oviedo,Alaves,Spain/La_Liga,8.43,2.833,8.7,0.49,0.352,,4.64,2.082,4.88,0.527,0.34,0.186,3.81,2.061,3.83,0.559,0.368,0.206,0.628,,,,,
2026-05-17,Sevilla,Real Madrid,Spain/La_Liga,8.56,2.833,8.7,0.509,0.37,,3.53,2.082,4.88,0.32,0.171,0.077,6.41,2.061,3.83,0.921,0.823,0.67,0.646,,,,,
2026-05-17,Sociedad,Valencia,Spain/La_Liga,8.94,2.833,8.7,0.562,0.422,,5.49,2.082,4.88,0.682,0.497,0.313,3.75,2.061,3.83,0.549,0.359,0.198,0.694,,,,,
2026-05-17,Vallecano,Villarreal,Spain/La_Liga,8.41,2.833,8.7,0.487,0.35,,3.98,2.082,4.88,0.402,0.233,0.113,4.33,2.061,3.83,0.657,0.467,0.285,0.626,,,,,
2026-05-17,Almeria,Las Palmas,Spain/Segunda_Division,8.31,3.33,8.54,0.477,0.361,,4.67,2.342,4.77,0.529,0.362,0.217,3.19,2.151,3.77,0.442,0.271,0.141,0.596,,,,,
2026-05-17,Castellon,Cadiz,Spain/Segunda_Division,7.88,3.33,8.54,0.426,0.313,,4.89,2.342,4.77,0.566,0.397,0.246,2.84,2.151,3.77,0.379,0.22,0.108,0.545,,,,,
2026-05-17,Ceuta,Málaga CF,Spain/Segunda_Division,6.66,3.33,8.54,0.291,0.197,,4.08,2.342,4.77,0.429,0.273,0.151,2.95,2.151,3.77,0.398,0.235,0.117,0.401,,,,,
2026-05-17,Cordoba,Albacete,Spain/Segunda_Division,8.17,3.33,8.54,0.46,0.344,,4.68,2.342,4.77,0.531,0.364,0.219,3.49,2.151,3.77,0.498,0.319,0.175,0.579,,,,,
2026-05-17,Cultural Leonesa,Eibar,Spain/Segunda_Division,7.01,3.33,8.54,0.327,0.227,,4.1,2.342,4.77,0.431,0.274,0.152,3.77,2.151,3.77,0.55,0.367,0.21,0.441,,,,,
2026-05-17,Deportivo La Coruña,FC Andorra,Spain/Segunda_Division,7.3,3.33,8.54,0.359,0.254,,4.89,2.342,4.77,0.565,0.396,0.245,2.91,2.151,3.77,0.392,0.23,0.115,0.476,,,,,
2026-05-17,Granada,Burgos,Spain/Segunda_Division,8.47,3.33,8.54,0.497,0.379,,5.38,2.342,4.77,0.646,0.48,0.316,2.95,2.151,3.77,0.399,0.235,0.118,0.615,,,,,
2026-05-17,Leganés,Huesca,Spain/Segunda_Division,7.54,3.33,8.54,0.387,0.278,,5.25,2.342,4.77,0.626,0.458,0.297,2.9,2.151,3.77,0.389,0.228,0.113,0.505,,,,,
2026-05-17,Racing Santander,Valladolid,Spain/Segunda_Division,7.86,3.33,8.54,0.424,0.311,,5.1,2.342,4.77,0.602,0.433,0.276,3.58,2.151,3.77,0.514,0.334,0.185,0.543,,,,,
2026-05-17,Real Sociedad B U21,Mirandes,Spain/Segunda_Division,8.1,3.33,8.54,0.452,0.337,,4.93,2.342,4.77,0.573,0.404,0.251,3.76,2.151,3.77,0.547,0.365,0.209,0.572,,,,,
2026-05-17,Zaragoza,Sp Gijon,Spain/Segunda_Division,7.07,3.33,8.54,0.333,0.232,,4.14,2.342,4.77,0.439,0.281,0.157,3.31,2.151,3.77,0.466,0.291,0.155,0.448,,,,,
2026-05-17,Antalyaspor,Kocaelispor,Turkey/Super_Lig,8.34,3.327,8.47,0.481,0.364,,4.41,2.355,4.69,0.484,0.321,,3.43,2.419,3.77,0.489,0.329,0.196,0.6,0.65,,,,
2026-05-17,Fenerbahce,Eyupspor,Turkey/Super_Lig,10.01,3.327,8.47,0.675,0.561,,6.59,2.355,4.69,0.813,0.678,,3.79,2.419,3.77,0.547,0.384,0.239,0.775,0.905,,,,
2026-05-17,Gaziantep,Buyuksehyr,Turkey/Super_Lig,9.79,3.327,8.47,0.651,0.534,,4.85,2.355,4.69,0.558,0.39,,4.73,2.419,3.77,0.694,0.537,0.374,0.754,0.716,,,,
2026-05-17,Karagumruk,Alanyaspor,Turkey/Super_Lig,8.95,3.327,8.47,0.554,0.435,,4.59,2.355,4.69,0.515,0.35,,3.66,2.419,3.77,0.526,0.364,0.223,0.669,0.678,,,,
2026-05-17,Kasimpasa,Galatasaray,Turkey/Super_Lig,9.86,3.327,8.47,0.658,0.543,,3.98,2.355,4.69,0.413,0.259,,5.74,2.419,3.77,0.823,0.697,0.54,0.76,0.581,,,,
2026-05-17,Kayserispor,Konyaspor,Turkey/Super_Lig,9.07,3.327,8.47,0.568,0.449,,4.22,2.355,4.69,0.452,0.293,,4.13,2.419,3.77,0.602,0.439,0.285,0.682,0.62,,,,
2026-05-17,Samsunspor,Göztepe,Turkey/Super_Lig,9.81,3.327,8.47,0.653,0.537,,5.3,2.355,4.69,0.633,0.466,,3.5,2.419,3.77,0.5,0.339,0.204,0.756,0.778,,,,
2026-05-17,Trabzonspor,Gençlerbirliği,Turkey/Super_Lig,9.86,3.327,8.47,0.658,0.543,,5.8,2.355,4.69,0.71,0.551,,3.45,2.419,3.77,0.491,0.332,0.198,0.761,0.836,,,,
2026-05-17,Çaykur Rizespor,Besiktas,Turkey/Super_Lig,8.5,3.327,8.47,0.5,0.382,,3.71,2.355,4.69,0.368,0.223,,4.89,2.419,3.77,0.718,0.564,0.401,0.618,0.535,,,,
2026-05-19,Genk,Royal Antwerp FC,Belgium/First_Division_A,9.22,3.11,8.85,0.592,0.465,0.341,5.65,2.264,4.79,0.695,0.527,0.354,4.05,2.261,4.06,0.596,0.421,0.261,,,,,,
2026-05-19,RC Sporting Charleroi,Oud-Heverlee Leuven,Belgium/First_Division_A,9.2,3.11,8.85,0.589,0.462,0.338,4.78,2.264,4.79,0.549,0.375,0.223,4.45,2.261,4.06,0.663,0.492,0.322,,,,,,
2026-05-19,Westerlo,Standard Liège,Belgium/First_Division_A,9.21,3.11,8.85,0.59,0.463,0.339,4.73,2.264,4.79,0.541,0.367,0.218,3.75,2.261,4.06,0.545,0.371,0.22,,,,,,
2026-05-21,Gent,Royale Union Saint-Gilloise,Belgium/First_Division_A,9.17,3.11,8.85,0.585,0.458,0.334,4.73,2.264,4.79,0.541,0.367,0.218,3.92,2.261,4.06,0.573,0.398,0.242,,,,,,
2026-05-21,Mechelen,Club Brugge,Belgium/First_Division_A,9.26,3.11,8.85,0.597,0.47,0.345,3.6,2.264,4.79,0.346,0.201,0.1,4.72,2.261,4.06,0.706,0.539,0.365,,,,,,
2026-05-21,RSC Anderlecht,Sint-Truidense VV,Belgium/First_Division_A,9.2,3.11,8.85,0.589,0.462,0.338,4.01,2.264,4.79,0.414,0.255,0.135,4.48,2.261,4.06,0.667,0.496,0.325,,,,,,
2026-05-21,Atromitos,Panserraikos,Greece/Super_League,7.91,2.833,7.79,0.418,0.287,,3.97,2.446,4.19,0.414,0.266,,3.53,1.962,3.6,0.506,0.31,,0.558,0.576,0.7,,,
2026-05-21,Kifisia,AEL,Greece/Super_League,8.58,2.833,7.79,0.511,0.373,,4.76,2.446,4.19,0.542,0.381,,3.3,1.962,3.6,0.458,0.27,,0.648,0.696,0.657,,,
2026-05-21,Panetolikos,Asteras Tripolis,Greece/Super_League,8.12,2.833,7.79,0.446,0.313,,4.84,2.446,4.19,0.555,0.393,,3.87,1.962,3.6,0.574,0.373,,0.586,0.708,0.757,,,
2026-05-22,Man City,Crystal Palace,England/Premier_League,9.97,2.876,8.33,0.696,0.565,,6.86,2.071,4.43,0.872,0.744,,3.04,2.047,3.9,0.411,0.237,0.114,0.805,0.947,,,,
2026-05-23,Oud-Heverlee Leuven,Genk,Belgium/First_Division_A,9.14,3.11,8.85,0.582,0.455,0.332,4.19,2.264,4.79,0.445,0.281,0.153,4.67,2.261,4.06,0.698,0.53,0.357,,,,,,
2026-05-23,Royal Antwerp FC,Westerlo,Belgium/First_Division_A,9.26,3.11,8.85,0.596,0.469,0.345,4.17,2.264,4.79,0.443,0.279,0.152,4.64,2.261,4.06,0.693,0.525,0.352,,,,,,
2026-05-23,Standard Liège,RC Sporting Charleroi,Belgium/First_Division_A,9.2,3.11,8.85,0.589,0.462,0.338,4.01,2.264,4.79,0.414,0.255,0.135,4.48,2.261,4.06,0.667,0.496,0.325,,,,,,
2026-05-24,Club Brugge,Gent,Belgium/First_Division_A,9.44,3.11,8.85,0.619,0.492,0.366,6.54,2.264,4.79,0.816,0.677,0.507,3.84,2.261,4.06,0.559,0.385,0.231,,,,,,
2026-05-24,Royale Union Saint-Gilloise,RSC Anderlecht,Belgium/First_Division_A,9.2,3.11,8.85,0.589,0.462,0.338,4.01,2.264,4.79,0.414,0.255,0.135,4.48,2.261,4.06,0.667,0.496,0.325,,,,,,
2026-05-24,Sint-Truidense VV,Mechelen,Belgium/First_Division_A,9.2,3.11,8.85,0.589,0.462,0.338,4.76,2.264,4.79,0.545,0.371,0.221,4.42,2.261,4.06,0.658,0.485,0.316,,,,,,
2026-05-24,Brighton,Man United,England/Premier_League,10.1,2.876,8.33,0.711,0.583,,5.12,2.071,4.43,0.617,0.426,,4.53,2.047,3.9,0.692,0.505,0.317,0.817,0.782,,,,
2026-05-24,Burnley,Wolves,England/Premier_League,9.6,2.876,8.33,0.649,0.514,,5.3,2.071,4.43,0.65,0.461,,4.94,2.047,3.9,0.76,0.586,0.393,0.768,0.807,,,,
2026-05-24,Crystal Palace,Arsenal,England/Premier_League,8.56,2.876,8.33,0.508,0.372,,3.13,2.071,4.43,0.255,0.126,,4.98,2.047,3.9,0.764,0.592,0.399,0.643,0.43,,,,
2026-05-24,Fulham,Newcastle,England/Premier_League,9.24,2.876,8.33,0.602,0.464,,4.43,2.071,4.43,0.487,0.303,,4.66,2.047,3.9,0.715,0.531,0.341,0.728,0.673,,,,
2026-05-24,Liverpool,Brentford,England/Premier_League,9.09,2.876,8.33,0.582,0.444,,5.23,2.071,4.43,0.638,0.448,,3.8,2.047,3.9,0.559,0.366,0.203,0.71,0.798,,,,
2026-05-24,Man City,Aston Villa,England/Premier_League,10.0,2.876,8.33,0.699,0.569,,6.11,2.071,4.43,0.782,0.616,,3.59,2.047,3.9,0.517,0.328,0.175,0.808,0.896,,,,
2026-05-24,Nott'm Forest,Bournemouth,England/Premier_League,8.44,2.876,8.33,0.492,0.356,,4.36,2.071,4.43,0.474,0.291,,4.13,2.047,3.9,0.62,0.427,0.251,0.628,0.661,,,,
2026-05-24,Sunderland,Chelsea,England/Premier_League,8.8,2.876,8.33,0.542,0.404,,4.13,2.071,4.43,0.43,0.255,,4.3,2.047,3.9,0.652,0.462,0.279,0.675,0.62,,,,
2026-05-24,Tottenham,Everton,England/Premier_League,9.69,2.876,8.33,0.661,0.527,,4.36,2.071,4.43,0.472,0.29,,5.11,2.047,3.9,0.784,0.617,0.425,0.777,0.66,,,,
2026-05-24,West Ham,Leeds,England/Premier_League,8.78,2.876,8.33,0.539,0.401,,4.32,2.071,4.43,0.465,0.284,,4.2,2.047,3.9,0.633,0.441,0.262,0.672,0.653,,,,
2026-05-24,Bologna,Inter,Italy/Serie_A,7.54,2.825,8.07,0.367,0.244,,3.35,2.262,4.43,0.305,0.171,,4.5,1.933,3.64,0.698,0.5,,0.505,0.473,0.85,,,
2026-05-24,Cremonese,Como,Italy/Serie_A,9.45,2.825,8.07,0.632,0.493,,3.9,2.262,4.43,0.395,0.239,,5.26,1.933,3.64,0.819,0.653,,0.755,0.57,0.924,,,
2026-05-24,Fiorentina,Atalanta,Italy/Serie_A,8.75,2.825,8.07,0.536,0.396,,3.66,2.262,4.43,0.355,0.208,,4.16,1.933,3.64,0.633,0.429,,0.671,0.528,0.804,,,
2026-05-24,Lazio,Pisa,Italy/Serie_A,9.76,2.825,8.07,0.672,0.537,,5.53,2.262,4.43,0.676,0.506,,3.41,1.933,3.64,0.481,0.286,,0.788,0.816,0.681,,,
2026-05-24,Lecce,Genoa,Italy/Serie_A,8.2,2.825,8.07,0.458,0.323,,3.54,2.262,4.43,0.336,0.194,,4.23,1.933,3.64,0.646,0.444,,0.598,0.508,0.814,,,
2026-05-24,Milan,Cagliari,Italy/Serie_A,8.81,2.825,8.07,0.544,0.403,,5.98,2.262,4.43,0.743,0.584,,3.21,1.933,3.64,0.44,0.252,,0.679,0.864,0.643,,,
2026-05-24,Napoli,Udinese,Italy/Serie_A,9.07,2.825,8.07,0.58,0.44,,5.78,2.262,4.43,0.714,0.549,,3.13,1.933,3.64,0.425,0.24,,0.711,0.843,0.628,,,
2026-05-24,Parma,Sassuolo,Italy/Serie_A,8.82,2.825,8.07,0.544,0.404,,4.1,2.262,4.43,0.43,0.268,,3.87,1.933,3.64,0.575,0.371,,0.679,0.605,0.76,,,
2026-05-24,Torino,Juventus,Italy/Serie_A,8.82,2.825,8.07,0.545,0.405,,3.38,2.262,4.43,0.31,0.174,,5.45,1.933,3.64,0.843,0.688,,0.68,0.478,0.936,,,
2026-05-24,Verona,Roma,Italy/Serie_A,8.75,2.825,8.07,0.535,0.395,,3.25,2.262,4.43,0.29,0.16,,4.83,1.933,3.64,0.755,0.569,,0.671,0.455,0.886,,,
2026-05-24,Alaves,Vallecano,Spain/La_Liga,8.46,2.833,8.7,0.494,0.356,,4.74,2.082,4.88,0.545,0.357,0.198,3.55,2.061,3.83,0.51,0.322,0.172,0.632,,,,,
2026-05-24,Betis,Levante,Spain/La_Liga,8.72,2.833,8.7,0.531,0.391,,5.08,2.082,4.88,0.61,0.42,0.247,3.5,2.061,3.83,0.499,0.313,0.166,0.666,,,,,
2026-05-24,Celta,Sevilla,Spain/La_Liga,8.81,2.833,8.7,0.544,0.404,,5.51,2.082,4.88,0.686,0.501,0.317,3.45,2.061,3.83,0.491,0.306,0.16,0.678,,,,,
2026-05-24,Espanol,Sociedad,Spain/La_Liga,8.15,2.833,8.7,0.45,0.316,,4.09,2.082,4.88,0.423,0.25,0.124,3.83,2.061,3.83,0.563,0.372,0.208,0.59,,,,,
2026-05-24,Getafe,Osasuna,Spain/La_Liga,8.57,2.833,8.7,0.51,0.372,,4.5,2.082,4.88,0.501,0.316,0.169,4.02,2.061,3.83,0.599,0.407,0.236,0.648,,,,,
2026-05-24,Girona,Elche,Spain/La_Liga,8.26,2.833,8.7,0.466,0.33,,4.69,2.082,4.88,0.536,0.348,0.192,3.38,2.061,3.83,0.478,0.294,0.152,0.605,,,,,
2026-05-24,Mallorca,Oviedo,Spain/La_Liga,8.81,2.833,8.7,0.543,0.404,,5.52,2.082,4.88,0.687,0.503,0.318,3.93,2.061,3.83,0.583,0.391,0.223,0.678,,,,,
2026-05-24,Real Madrid,Ath Bilbao,Spain/La_Liga,10.26,2.833,8.7,0.733,0.606,,6.29,2.082,4.88,0.804,0.647,0.459,3.57,2.061,3.83,0.513,0.325,0.174,0.835,,,,,
2026-05-24,Valencia,Barcelona,Spain/La_Liga,9.68,2.833,8.7,0.661,0.525,,3.65,2.082,4.88,0.342,0.188,0.086,6.1,2.061,3.83,0.897,0.782,0.615,0.779,,,,,
2026-05-24,Villarreal,Ath Madrid,Spain/La_Liga,8.22,2.833,8.7,0.461,0.326,,4.78,2.082,4.88,0.554,0.366,0.205,3.35,2.061,3.83,0.47,0.288,0.148,0.601,,,,,
2026-05-24,Albacete,Real Sociedad B U21,Spain/Segunda_Division,6.71,3.33,8.54,0.295,0.201,,3.75,2.342,4.77,0.375,0.228,0.12,2.83,2.151,3.77,0.377,0.218,0.107,0.406,,,,,
2026-05-24,Cadiz,Leganés,Spain/Segunda_Division,6.79,3.33,8.54,0.304,0.208,,3.5,2.342,4.77,0.334,0.196,0.1,3.45,2.151,3.77,0.491,0.313,0.17,0.416,,,,,
2026-05-24,Cultural Leonesa,Burgos,Spain/Segunda_Division,6.96,3.33,8.54,0.322,0.223,,4.42,2.342,4.77,0.486,0.322,0.187,3.74,2.151,3.77,0.545,0.363,0.207,0.436,,,,,
2026-05-24,Eibar,Cordoba,Spain/Segunda_Division,8.0,3.33,8.54,0.44,0.326,,4.88,2.342,4.77,0.564,0.395,0.244,3.27,2.151,3.77,0.458,0.284,0.15,0.56,,,,,
2026-05-24,FC Andorra,Ceuta,Spain/Segunda_Division,6.74,3.33,8.54,0.298,0.204,,4.4,2.342,4.77,0.483,0.319,0.185,2.88,2.151,3.77,0.386,0.225,0.111,0.41,,,,,
2026-05-24,Huesca,Castellon,Spain/Segunda_Division,7.04,3.33,8.54,0.33,0.23,,3.26,2.342,4.77,0.298,0.169,0.083,3.67,2.151,3.77,0.531,0.349,0.197,0.445,,,,,
2026-05-24,Las Palmas,Zaragoza,Spain/Segunda_Division,8.41,3.33,8.54,0.489,0.372,,5.01,2.342,4.77,0.587,0.418,0.263,3.03,2.151,3.77,0.413,0.246,0.125,0.608,,,,,
2026-05-24,Mirandes,Granada,Spain/Segunda_Division,7.51,3.33,8.54,0.383,0.275,,4.55,2.342,4.77,0.509,0.343,0.203,3.63,2.151,3.77,0.525,0.344,0.193,0.501,,,,,
2026-05-24,Málaga CF,Racing Santander,Spain/Segunda_Division,7.3,3.33,8.54,0.359,0.254,,4.89,2.342,4.77,0.565,0.396,0.245,2.91,2.151,3.77,0.392,0.23,0.115,0.476,,,,,
2026-05-24,Sp Gijon,Almeria,Spain/Segunda_Division,8.14,3.33,8.54,0.457,0.342,,4.27,2.342,4.77,0.46,0.299,0.17,3.7,2.151,3.77,0.537,0.355,0.201,0.576,,,,,
2026-05-24,Valladolid,Deportivo La Coruña,Spain/Segunda_Division,6.33,3.33,8.54,0.258,0.171,,3.65,2.342,4.77,0.358,0.215,0.112,2.97,2.151,3.77,0.403,0.238,0.12,0.363,,,,,
2026-05-31,Almeria,Valladolid,Spain/Segunda_Division,7.99,3.33,8.54,0.439,0.325,,5.01,2.342,4.77,0.586,0.417,0.262,2.95,2.151,3.77,0.399,0.235,0.118,0.558,,,,,
2026-05-31,Burgos,FC Andorra,Spain/Segunda_Division,6.3,3.33,8.54,0.254,0.168,,4.61,2.342,4.77,0.519,0.352,0.21,2.87,2.151,3.77,0.386,0.225,0.111,0.359,,,,,
2026-05-31,Castellon,Eibar,Spain/Segunda_Division,7.59,3.33,8.54,0.392,0.283,,4.53,2.342,4.77,0.506,0.34,0.201,3.17,2.151,3.77,0.439,0.268,0.14,0.511,,,,,
2026-05-31,Ceuta,Albacete,Spain/Segunda_Division,7.19,3.33,8.54,0.347,0.244,,3.41,2.342,4.77,0.321,0.186,0.094,3.12,2.151,3.77,0.429,0.26,0.134,0.462,,,,,
2026-05-31,Cordoba,Huesca,Spain/Segunda_Division,8.33,3.33,8.54,0.479,0.362,,5.14,2.342,4.77,0.608,0.439,0.281,3.27,2.151,3.77,0.458,0.284,0.15,0.598,,,,,
2026-05-31,Deportivo La Coruña,Las Palmas,Spain/Segunda_Division,6.67,3.33,8.54,0.292,0.198,,4.31,2.342,4.77,0.468,0.306,0.175,3.37,2.151,3.77,0.476,0.3,0.161,0.402,,,,,
2026-05-31,Granada,Sp Gijon,Spain/Segunda_Division,7.85,3.33,8.54,0.423,0.311,,4.58,2.342,4.77,0.514,0.348,0.207,3.21,2.151,3.77,0.446,0.274,0.143,0.542,,,,,
2026-05-31,Leganés,Mirandes,Spain/Segunda_Division,7.17,3.33,8.54,0.345,0.242,,4.88,2.342,4.77,0.565,0.396,0.245,3.48,2.151,3.77,0.495,0.317,0.173,0.461,,,,,
2026-05-31,Racing Santander,Cadiz,Spain/Segunda_Division,7.19,3.33,8.54,0.347,0.244,,4.71,2.342,4.77,0.535,0.367,0.222,2.93,2.151,3.77,0.396,0.233,0.116,0.462,,,,,
2026-05-31,Real Sociedad B U21,Cultural Leonesa,Spain/Segunda_Division,7.48,3.33,8.54,0.379,0.272,,5.43,2.342,4.77,0.654,0.487,0.323,3.01,2.151,3.77,0.41,0.244,0.123,0.497,,,,,
2026-05-31,Zaragoza,Málaga CF,Spain/Segunda_Division,6.98,3.33,8.54,0.324,0.224,,4.52,2.342,4.77,0.504,0.339,0.199,3.39,2.151,3.77,0.479,0.303,0.163,0.438,,,,,
