bet_no,Date,P1,P2,pick_side,pick_odds,model_conf,pick_ev,pick_correct,stake_frac,stake_units,pnl_units,bankroll_before,bankroll_after,drawdown_pct
1,2025-01-06,Cobolli F.,Nardi L.,P1,1.49,0.7222629078474594,0.07617173269271449,0,0.03,30.0,-30.0,1000.0,970.0,3.0
2,2025-01-07,Cazaux A.,Walton A.,P1,1.6325,0.6880573183659819,0.12325357223246558,1,0.03,29.099999999999998,18.40575,970.0,988.40575,1.1594249999999988
3,2025-01-07,Duckworth J.,Tu L.,P1,1.69,0.6703516567893391,0.13289429997398294,0,0.03,29.6521725,-29.6521725,988.40575,958.7535775,4.12464225
4,2025-01-07,Tabilo A.,Basavareddy N.,P1,2.0475,0.6181373705252651,0.2656362661504802,0,0.03,28.762607324999998,-28.762607324999998,958.7535775,929.990970175,7.000902982499997
5,2025-01-09,Auger-Aliassime F.,Giron M.,P1,1.6375000000000002,0.6594653033876029,0.07987443429719987,1,0.03,27.89972910525,17.78607730459688,929.990970175,947.777047479597,5.222295252040306
6,2025-01-10,Monfils G.,Basavareddy N.,P1,1.705,0.6477014174245916,0.1043309167089288,1,0.03,28.433311424387906,20.045484554193475,947.777047479597,967.8225320337904,3.2177467966209634
7,2025-01-14,Coric B.,Garin C.,P1,1.8325,0.6022427426130992,0.10360982583850431,0,0.03,29.03467596101371,-29.03467596101371,967.8225320337904,938.7878560727767,6.121214392722334
8,2025-01-14,Rublev A.,Fonseca J.,P1,1.6275000000000002,0.6682977588019154,0.08765460245011747,0,0.03,28.163635682183298,-28.163635682183298,938.7878560727767,910.6242203905933,8.937577960940667
9,2025-01-16,Rune H.,Berrettini M.,P1,2.2075,0.5665451496619212,0.25064841787869097,1,0.03,27.3187266117178,32.98736238364924,910.6242203905933,943.6115827742426,5.63884172257574
10,2025-01-17,Djokovic N.,Machac T.,P1,1.24,0.864904105534552,0.07248109086284446,1,0.03,28.308347483227276,6.7940033959745465,943.6115827742426,950.4055861702171,4.959441382978286
11,2025-01-28,Coric B.,Lestienne C.,P1,1.8800000000000001,0.6144438728856859,0.15515448102508955,0,0.03,28.512167585106514,-28.512167585106514,950.4055861702171,921.8934185851106,7.810658141488943
12,2025-02-03,Arnaldi M.,Eubanks C.,P1,1.8075,0.6112060528174086,0.10475494046746608,1,0.03,27.656802557553316,22.332868065224307,921.8934185851106,944.2262866503348,5.577371334966517
13,2025-02-11,Altmaier D.,Nardi L.,P1,2.0425,0.5608726702868221,0.14558242906083407,1,0.03,28.326788599510042,29.530677114989217,944.2262866503348,973.756963765324,2.624303623467597
14,2025-02-11,Nishikori K.,McDonald M.,P1,1.53,0.7781851853215584,0.19062333354198446,0,0.03,29.21270891295972,-29.21270891295972,973.756963765324,944.5442548523644,5.5455745147635644
15,2025-02-12,Mayot H.,Herbert P.,P1,1.9249999999999998,0.6383042416469448,0.22873566517036859,0,0.03,28.33632764557093,-28.33632764557093,944.5442548523644,916.2079272067934,8.379207279320655
16,2025-02-12,Tien L.,Walton A.,P1,1.4375,0.7579749369643243,0.08958897188621617,1,0.03,27.4862378162038,12.025229044589162,916.2079272067934,928.2331562513826,7.176684374861736
17,2025-02-17,Shevchenko A.,Meligeni Alves F.,P1,2.1575,0.5578599155946149,0.20358276789538177,1,0.03,27.84699468754148,32.232896350829265,928.2331562513826,960.4660526022119,3.953394739778809
18,2025-02-18,Djokovic N.,Berrettini M.,P1,1.29,0.8316197552827884,0.07278948431479709,0,0.03,28.813981578066358,-28.813981578066358,960.4660526022119,931.6520710241456,6.834792897585442
19,2025-02-18,Baez S.,Burruchaga R.,P1,1.355,0.7810729348618495,0.058353826737806036,1,0.03,27.949562130724367,9.92209455640715,931.6520710241456,941.5741655805527,5.842583441944726
20,2025-02-18,Darderi L.,Dellien H.,P1,1.9575,0.6015886406268947,0.17760976402714634,1,0.03,28.24722496741658,27.046717906301378,941.5741655805527,968.6208834868542,3.1379116513145844
21,2025-02-19,Jarry N.,Comesana F.,P1,1.5725000000000002,0.688913497218518,0.08331647437611978,0,0.03,29.058626504605623,-29.058626504605623,968.6208834868542,939.5622569822485,6.043774301775147
22,2025-02-24,Garin C.,Ficovich J.P.,P1,1.5325000000000002,0.7238889862851802,0.10935987148203874,1,0.03,28.186867709467453,15.009507055291424,939.5622569822485,954.57176403754,4.542823596246
23,2025-02-25,Giron M.,Walton A.,P1,1.4874999999999998,0.7257515775087715,0.07955547154429748,1,0.03,28.637152921126198,13.960612049049017,954.57176403754,968.532376086589,3.1467623913410985
24,2025-02-26,Faria J.,Heide G.,P1,2.0,0.5810496156800582,0.1620992313601164,1,0.03,29.055971282597667,29.055971282597667,968.532376086589,997.5883473691866,0.24116526308133646
25,2025-02-26,Coria F.,Barrios M.,P1,2.18,0.5789743151531339,0.262164007033832,1,0.03,29.927650421075597,35.31462749686921,997.5883473691866,1032.902974866056,0.0
26,2025-02-26,Bautista Agut R.,Halys Q.,P1,2.0149999999999997,0.6129422150819048,0.23507856339003808,0,0.03,30.98708924598168,-30.98708924598168,1032.902974866056,1001.9158856200743,3.0
27,2025-02-27,Tsitsipas S.,Berrettini M.,P1,2.4475000000000002,0.5513219593273386,0.34936049545366143,1,0.03,30.057476568602226,43.508197333051726,1001.9158856200743,1045.424082953126,0.0
28,2025-02-27,Rune H.,Nakashima B.,P1,1.6925,0.63264052872406,0.0707440948654714,0,0.025539384427968017,26.699487544795808,-26.699487544795808,1045.424082953126,1018.7245954083301,2.5539384427968037
29,2025-03-05,Cobolli F.,Smith C.,P1,1.7025000000000001,0.6912810818324717,0.1769060418197832,0,0.03,30.5617378622499,-30.5617378622499,1018.7245954083301,988.1628575460802,5.477320289512895
30,2025-03-05,Vukic A.,Boyer T.,P1,1.815,0.611957690885278,0.11070320895677949,0,0.03,29.644885726382405,-29.644885726382405,988.1628575460802,958.5179718196978,8.31300068082751
31,2025-03-07,Lajovic D.,Tu L.,P1,1.8575,0.6243711904108147,0.15976948618808817,1,0.03,28.75553915459093,24.65787482506172,958.5179718196978,983.1758466447595,5.954352623341795
32,2025-03-08,Shapovalov D.,Walton A.,P1,1.2825,0.8202554836428295,0.05197765777192884,1,0.03,29.495275399342784,8.332415300314336,983.1758466447595,991.5082619450739,5.157315761824618
33,2025-03-08,Cerundolo F.,McDonald M.,P1,1.7825,0.6013602723269624,0.0719246854228105,1,0.022979132722942688,22.783999947130077,17.828479958629284,991.5082619450739,1009.3367419037031,3.45193320470319
34,2025-03-09,Tsitsipas S.,Berrettini M.,P1,1.9774999999999998,0.5838143654097909,0.1544929075978615,1,0.03,30.280102257111093,29.598799956326086,1009.3367419037031,1038.9355418600292,0.6206611459311157
35,2025-03-09,Shelton B.,Navone M.,P1,1.295,0.8169328743713872,0.05792807231094632,1,0.03,31.168066255800873,9.194579545461256,1038.9355418600292,1048.1301214054904,0.0
36,2025-03-12,Medvedev D.,Paul T.,P1,1.815,0.6157858974974175,0.11765140395781282,1,0.03,31.44390364216471,25.626781468364236,1048.1301214054904,1073.7569028738546,0.0
37,2025-03-19,Muller A.,Sakamoto R.,P1,1.4649999999999999,0.7254960528052729,0.06285171735972461,1,0.03,32.21270708621564,14.978908795090266,1073.7569028738546,1088.735811668945,0.0
38,2025-03-19,Moutet C.,Blockx A.,P1,1.6575,0.6835902075565259,0.13305076902494162,1,0.03,32.662074350068345,21.475313885169935,1088.735811668945,1110.211125554115,0.0
39,2025-03-20,Cobolli F.,Tirante T.A.,P1,1.635,0.6613305144360964,0.08127539110301757,0,0.03,33.306333766623446,-33.306333766623446,1110.211125554115,1076.9047917874914,3.000000000000008
40,2025-03-20,Martinez P.,Darderi L.,P1,1.5725,0.6832227843795481,0.07436782843683937,0,0.03,32.30714375362474,-32.30714375362474,1076.9047917874914,1044.5976480338666,5.910000000000014
41,2025-03-23,Monfils G.,Munar J.,P1,1.515,0.7088326793837224,0.0738815092663394,1,0.03,31.337929441015994,16.139033662123236,1044.5976480338666,1060.7366816959898,4.4563095000000175
42,2025-03-25,Djokovic N.,Musetti L.,P1,1.3250000000000002,0.7963471241107052,0.055159939446684514,1,0.03,31.82210045087969,10.342182646535905,1060.7366816959898,1071.0788643425258,3.524758517625008
43,2025-04-01,Gaston H.,Cerundolo J.M.,P1,2.02,0.584301462623537,0.18028895449954474,1,0.03,32.132365930275775,32.775013248881294,1071.0788643425258,1103.8538775914071,0.5726161282643278
44,2025-04-01,Hanfmann Y.,Mannarino A.,P1,1.47,0.7273116545050343,0.06914813212240045,0,0.03,33.11561632774221,-33.11561632774221,1103.8538775914071,1070.738261263665,3.5554376444163918
45,2025-04-01,Coria F.,Herbert P.,P1,1.5675000000000001,0.7261749092502011,0.13827917024969033,0,0.03,32.12214783790995,-32.12214783790995,1070.738261263665,1038.616113425755,6.448774515083905
46,2025-04-01,Dzumhur D.,Vacherot V.,P1,1.6324999999999998,0.7348284914643892,0.1996075123156153,1,0.03,31.15848340277265,19.707740752253695,1038.616113425755,1058.3238541780086,4.673640011507633
47,2025-04-01,Michelsen A.,Tien L.,P1,1.98,0.5799578297842377,0.14831650297279064,1,0.03,31.749715625340254,31.11472131283345,1058.3238541780086,1089.438575490842,1.871045027845966
48,2025-04-06,Struff J.L.,Vacherot V.,P1,1.4675,0.7403603805362793,0.08647885843698988,0,0.03,32.68315726472525,-32.68315726472525,1089.438575490842,1056.7554182261167,4.814913677010582
49,2025-04-07,Muller A.,Ugo Carabelli C.,P1,1.9675,0.5537185642552575,0.089441275172219,1,0.023111440612976514,24.423140090774055,23.629388037823897,1056.7554182261167,1080.3848062639406,2.6865448024840997
50,2025-04-08,Etcheverry T.,Moutet C.,P1,1.715,0.6631021181529689,0.13722013263234178,1,0.03,32.41154418791822,23.174254094361526,1080.3848062639406,1103.559060358302,0.5991711884973897
51,2025-04-08,Cobolli F.,Lajovic D.,P1,1.8675000000000002,0.5760049031908209,0.07568915670885806,1,0.021812437091889913,24.071312581250606,20.881863664234903,1103.559060358302,1124.440924022537,0.0
52,2025-04-11,Tsitsipas S.,Musetti L.,P1,1.7650000000000001,0.6195316741345906,0.09347340484755257,0,0.03,33.73322772067611,-33.73322772067611,1124.440924022537,1090.707696301861,2.999999999999994
53,2025-04-17,Rublev A.,Davidovich Fokina A.,P1,1.8625,0.598838429546944,0.11533657503118322,0,0.03,32.72123088905583,-32.72123088905583,1090.707696301861,1057.9864654128053,5.909999999999985
54,2025-04-17,Khachanov K.,Munar J.,P1,1.7125,0.6434148736709273,0.10184797116146299,1,0.03,31.739593962384156,22.61446069819871,1057.9864654128053,1080.600926111004,3.898826249999993
55,2025-04-23,Monfils G.,Gojo B.,P1,1.6300000000000001,0.678311761045397,0.10564817050399722,1,0.03,32.41802778333012,20.42335750349798,1080.600926111004,1101.0242836145019,2.0825140661249915
56,2025-04-23,Gaston H.,Ofner S.,P1,1.6325,0.6663442437139828,0.08780697786307701,0,0.03,33.030728508435054,-33.030728508435054,1101.0242836145019,1067.9935551060669,5.020038644141237
57,2025-04-24,Giron M.,Tien L.,P1,1.78,0.6303313264501557,0.12198976108127707,1,0.03,32.039806653182005,24.991049189481966,1067.9935551060669,1092.984604295549,2.797507548414134
58,2025-04-24,Norrie C.,Landaluce M.,P1,1.3125,0.8098916417084064,0.06298277974228345,1,0.03,32.78953812886647,10.246730665270771,1092.984604295549,1103.2313349608196,1.8862341816805264
59,2025-04-24,Fearnley J.,Bu Y.,P1,1.835,0.6178429294964028,0.13374177562589917,1,0.03,33.096940048824585,27.63594494076853,1103.2313349608196,1130.867279901588,0.0
60,2025-04-24,Dzumhur D.,Bellucci M.,P1,1.895,0.5687010402341479,0.07768847124371026,1,0.021700690291539176,24.54060060197971,21.963837538771838,1130.867279901588,1152.83111744036,0.0
61,2025-04-24,Etcheverry T.,Medjedovic H.,P1,2.3225,0.578080288552014,0.3425914701620524,1,0.03,34.5849335232108,45.738574584446276,1152.83111744036,1198.5696920248063,0.0
62,2025-04-24,Nishikori K.,Vukic A.,P1,1.395,0.801703393358469,0.11837623373506423,1,0.03,35.95709076074419,14.203050850493954,1198.5696920248063,1212.7727428753003,0.0
63,2025-04-25,Shelton B.,Navone M.,P2,2.0749999999999997,0.5585122056367985,0.15891282669635676,0,0.03,36.38318228625901,-36.38318228625901,1212.7727428753003,1176.3895605890414,2.9999999999999947
64,2025-05-02,Ruud C.,Cerundolo F.,P1,1.8900000000000001,0.5711691157437535,0.07950962875569423,1,0.02233416538081298,26.273678998457562,23.383574308627235,1176.3895605890414,1199.7731348976686,1.071891502674412
65,2025-05-07,Sonego L.,Burruchaga R.,P1,1.5899999999999999,0.6712307341676522,0.06725686732656694,0,0.028498672596002972,34.19194176092876,-34.19194176092876,1199.7731348976686,1165.5811931367398,3.8912112772815552
66,2025-05-07,Darderi L.,Bu Y.,P1,1.3875,0.7913829278846513,0.09804381243995358,1,0.03,34.967435794102194,13.549881370214598,1165.5811931367398,1179.1310745069543,2.773946608379961
67,2025-05-07,Dzumhur D.,Gaubas V.,P1,1.9575,0.6408553937151895,0.25447443319748353,0,0.03,35.37393223520863,-35.37393223520863,1179.1310745069543,1143.7571422717456,5.690728210128569
68,2025-05-08,Tien L.,Opelka R.,P2,1.95,0.7342087595768063,0.4317070811747723,0,0.03,34.31271426815237,-34.31271426815237,1143.7571422717456,1109.4444280035932,8.520006363824713
69,2025-05-10,Rublev A.,Marozsan F.,P1,1.755,0.6099878295540963,0.07052864086743887,0,0.023353854591867163,25.909803849353153,-25.909803849353153,1109.4444280035932,1083.53462415424,10.65641683326889
70,2025-05-19,Nishikori K.,Tien L.,P1,1.825,0.6177113913824117,0.12732328927290137,1,0.03,32.506038724627196,26.817481947817434,1083.53462415424,1110.3521061020574,8.445163149892295
71,2025-05-20,Tiafoe F.,Bu Y.,P1,1.5150000000000001,0.7611454477067254,0.1531353532756891,1,0.03,33.310563183061724,17.15494003927679,1110.3521061020574,1127.5070461413343,7.030640920558125
72,2025-05-20,Baez S.,Ugo Carabelli C.,P1,1.6099999999999999,0.661960930862445,0.06575709868853635,0,0.026949630610055866,30.385898403744175,-30.385898403744175,1127.5070461413343,1097.12114773759,9.536130805802733
73,2025-05-21,Borges N.,Ofner S.,P1,1.9849999999999999,0.5883669705203547,0.167908436482904,0,0.03,32.9136344321277,-32.9136344321277,1097.12114773759,1064.2075133054623,12.250046881628656
74,2025-05-25,Borges N.,Jacquet K.,P1,1.57,0.7171338766152077,0.12590018628587607,1,0.03,31.92622539916387,18.197948477523408,1064.2075133054623,1082.4054617829856,10.749522683304509
75,2025-05-25,Van De Zandschulp B.,Nava E.,P1,1.7650000000000001,0.7011726269194651,0.23756968651285604,0,0.03,32.47216385348957,-32.47216385348957,1082.4054617829856,1049.9332979294961,13.42703700280537
76,2025-05-26,Tabilo A.,Cazaux A.,P1,1.595,0.6952205479962821,0.10887677405406992,1,0.03,31.497998937884883,18.741309368041506,1049.9332979294961,1068.6746072975377,11.88170961330544
77,2025-05-27,Kovacevic A.,Gomez F.A.,P1,1.6425,0.6836787501983975,0.122942347200868,0,0.03,32.06023821892613,-32.06023821892613,1068.6746072975377,1036.6143690786116,14.52525832490627
78,2025-06-09,Nakashima B.,Fearnley J.,P1,1.8925,0.6663301962363529,0.2610298963772979,1,0.03,31.09843107235835,27.75534973207983,1036.6143690786116,1064.3697188106914,12.236672116555637
79,2025-06-10,Dzumhur D.,Herbert P.,P1,2.7125,0.5559207824832152,0.5079351224857211,0,0.03,31.93109156432074,-31.93109156432074,1064.3697188106914,1032.4386272463707,14.869571953058966
80,2025-06-10,Opelka R.,De Jong J.,P1,1.7349999999999999,0.6291289938783635,0.09153880437896061,1,0.03,30.97315881739112,22.76527173078247,1032.4386272463707,1055.2038989771531,12.992446014623921
81,2025-06-12,Hurkacz H.,Lajal M.,P1,1.5825,0.6799725894555574,0.07605662281341957,0,0.03,31.656116969314592,-31.656116969314592,1055.2038989771531,1023.5477820078386,15.6026726341852
82,2025-06-13,Humbert U.,Borges N.,P1,1.4124999999999999,0.7692712893776108,0.08659569624587515,1,0.03,30.706433460235157,12.666403802346998,1023.5477820078386,1036.2141858101857,14.558255708033235
83,2025-06-14,Zverev A.,Shelton B.,P1,1.5875,0.6953394376118862,0.10385135720886929,1,0.03,31.08642557430557,18.26327502490452,1036.2141858101857,1054.4774608350901,13.052344964887325
84,2025-06-16,Kecmanovic M.,Marozsan F.,P1,1.8824999999999998,0.6168428744021238,0.16120671106199802,0,0.03,31.634323825052704,-31.634323825052704,1054.4774608350901,1022.8431370100375,15.660774615940701
85,2025-06-16,Monfils G.,McDonald M.,P1,1.8225,0.6291807945629955,0.1466819980910593,0,0.03,30.685294110301122,-30.685294110301122,1022.8431370100375,992.1578428997364,18.19095137746248
86,2025-06-17,Auger-Aliassime F.,Djere L.,P1,1.3175000000000001,0.8075215508733233,0.06390964327560361,1,0.03,29.76473528699209,9.450303453619991,992.1578428997364,1001.6081463533563,17.41172018933281
87,2025-06-17,Thompson J.,Munar J.,P1,1.3450000000000002,0.800240177206795,0.07632303834313936,0,0.03,30.04824439060069,-30.04824439060069,1001.6081463533563,971.5599019627557,19.88936858365282
88,2025-06-17,Diallo G.,Harris B.,P1,1.4525,0.7309118091881606,0.06164940284580317,1,0.03,29.14679705888267,13.188925669144405,971.5599019627557,984.7488276319001,18.801866762175912
89,2025-06-20,Khachanov K.,Etcheverry T.,P1,1.37,0.8020129916644312,0.09875779858027078,1,0.03,29.542464828957,10.930711986714094,984.7488276319001,995.6795396186142,17.900567483236067
90,2025-06-23,Sonego L.,Marozsan F.,P1,1.6875,0.6342564669080477,0.0703077879073305,1,0.025566468329938405,25.45600941642695,17.50100647379353,995.6795396186142,1013.1805460924077,16.45751011106086
91,2025-06-23,Halys Q.,Bellucci M.,P1,1.675,0.6752147753855284,0.13098474877076016,0,0.03,30.39541638277223,-30.39541638277223,1013.1805460924077,982.7851297096354,18.963784807729038
92,2025-06-23,Bergs Z.,Fonseca J.,P1,2.5625,0.5786430468497482,0.48277280755247975,0,0.03,29.48355389128906,-29.48355389128906,982.7851297096354,953.3015758183464,21.394871263497162
93,2025-06-23,Diallo G.,Munar J.,P1,1.635,0.6721530348489414,0.0989702119780192,1,0.03,28.59904727455039,18.160395019339497,953.3015758183464,971.4619708376858,19.897443561066787
94,2025-06-24,Opelka R.,Loffhagen G.,P1,1.6125,0.7520900819548162,0.21274525715214115,1,0.03,29.143859125130575,17.85061371414248,971.4619708376858,989.3125845518283,18.425559086501387
95,2025-06-24,Borges N.,Pinnington Jones J.,P1,1.5975000000000001,0.6865030131597161,0.09668856352264654,1,0.03,29.67937753655485,17.733428078091528,989.3125845518283,1007.0460126299198,16.963337233126925
96,2025-06-24,Bonzi B.,Holt B.,P1,1.6875,0.6526263717452101,0.10130700232004203,0,0.03,30.211380378897594,-30.211380378897594,1007.0460126299198,976.8346322510222,19.45443711613312
97,2025-06-24,Bautista Agut R.,Etcheverry T.,P1,1.5775000000000001,0.6883438519308746,0.08586242642095471,1,0.03,29.305038967530663,16.92366000374896,976.8346322510222,993.7582922547712,18.058985239170124
98,2025-06-25,Borges N.,Brooksby J.,P2,2.0774999999999997,0.5555450025258439,0.1541447427474406,1,0.03,29.812748767643132,32.12323679713546,993.7582922547712,1025.8815290519067,15.410241937026298
99,2025-06-26,Griekspoor T.,Diallo G.,P1,1.97,0.5613849200384529,0.10592829247575208,1,0.027301106308183526,28.007700684247972,27.16746966372053,1025.8815290519067,1053.0489987156272,13.170129778889347
100,2025-06-30,Tien L.,Basavareddy N.,P1,1.51,0.7115308940224503,0.07441164997389993,1,0.03,31.591469961468817,16.111649680349096,1053.0489987156272,1069.1606483959763,11.84163276450636
101,2025-06-30,Bautista Agut R.,Norrie C.,P1,1.9525,0.5897665356856466,0.15151916092622497,0,0.03,32.074819451879286,-32.074819451879286,1069.1606483959763,1037.085828944097,14.48638378157116
102,2025-06-30,Garin C.,Rodesch C.,P1,1.6724999999999999,0.6885939761530151,0.15167342511591764,1,0.03,31.112574868322913,20.923206598947154,1037.085828944097,1058.0090355430443,12.761146574364354
103,2025-07-06,Norrie C.,Jarry N.,P1,1.9100000000000001,0.5761866431938059,0.10051648850016925,1,0.02761441991762891,29.216305784131197,26.586838263559393,1058.0090355430443,1084.5958738066038,10.568910772582884
104,2025-07-14,Basilashvili N.,Cazaux A.,P1,2.145,0.5679601244275231,0.218274466897037,0,0.03,32.537876214198114,-32.537876214198114,1084.5958738066038,1052.0579975924056,13.251843449405401
105,2025-07-14,Djere L.,Buse I.,P1,1.3575000000000002,0.7783868289357021,0.05666012028021572,0,0.03,31.561739927772166,-31.561739927772166,1052.0579975924056,1020.4962576646335,15.854288145923235
106,2025-07-15,Vukic A.,Nava E.,P1,1.8425,0.5940399367505697,0.09451858346292463,0,0.028047057407396,28.621917122752755,-28.621917122752755,1020.4962576646335,991.8743405418808,18.214327756880728
107,2025-07-15,Goffin D.,Landaluce M.,P1,2.2925,0.6494711261370846,0.48891255666926636,1,0.03,29.756230216256423,38.459927554511424,991.8743405418808,1030.3342680963922,15.043088315653778
108,2025-07-15,Carballes Baena R.,Taberner C.,P1,1.82,0.6044087650170686,0.10002395233106498,1,0.03,30.910028042891764,25.34622299517125,1030.3342680963922,1055.6804910915635,12.953148288218857
109,2025-07-15,Comesana F.,Trungelliti M.,P1,1.6075,0.6788331449723315,0.09122428054302284,1,0.03,31.670414732746902,19.239776950143742,1055.6804910915635,1074.9202680417072,11.366719415771644
110,2025-07-15,Monteiro T.,Budkov Kjaer N.,P1,1.4775,0.7257623461102395,0.07231386637787884,0,0.03,32.24760804125122,-32.24760804125122,1074.9202680417072,1042.672660000456,14.02571783329849
111,2025-07-16,Basavareddy N.,Mejia N.,P1,1.3375,0.8010236598507563,0.0713691450503865,1,0.03,31.28017980001368,10.557060682504614,1042.672660000456,1053.2297206829608,13.155228226360633
112,2025-07-16,Mannarino A.,Duckworth J.,P1,2.025,0.5998864387599859,0.21477003848897147,0,0.03,31.596891620488822,-31.596891620488822,1053.2297206829608,1021.632829062472,15.76057137956981
113,2025-07-16,Smith C.,Nanda G.,P1,1.4024999999999999,0.7619922989349012,0.0686941992561988,0,0.03,30.64898487187416,-30.64898487187416,1021.632829062472,990.9838441905978,18.287754238182718
114,2025-07-17,Goffin D.,Cerundolo J.M.,P1,2.3249999999999997,0.5608315832126729,0.30393343096946435,0,0.03,29.729515325717934,-29.729515325717934,990.9838441905978,961.2543288648799,20.739121611037234
115,2025-07-17,Passaro F.,Kym J.,P1,1.6724999999999999,0.6408579173463771,0.07183486676181561,0,0.02670441143561919,25.66973109227775,-25.66973109227775,961.2543288648799,935.5845977726021,22.85573671828467
116,2025-07-20,Kopriva V.,Collignon R.,P1,1.84,0.6012977241563708,0.10638781244772244,1,0.03,28.067537933178063,23.576731863869576,935.5845977726021,959.1613296364717,20.911701283585447
117,2025-07-21,Wawrinka S.,Guillen Meza A.,P1,1.5550000000000002,0.7692109863248671,0.1961230837351684,1,0.03,28.77483988909415,15.970036138447258,959.1613296364717,975.131365774919,19.59488110995714
118,2025-07-21,Garin C.,Droguet T.,P1,1.705,0.6888922098587709,0.17456121780920436,0,0.03,29.25394097324757,-29.25394097324757,975.131365774919,945.8774248016714,22.007034676658428
119,2025-07-23,Baez S.,Hanfmann Y.,P1,1.8599999999999999,0.5914896749613952,0.10017079542819496,0,0.029119417275638073,27.54339942440584,-27.54339942440584,945.8774248016714,918.3340253772656,24.278144378473183
120,2025-07-23,Kopriva V.,Droguet T.,P1,1.6875,0.6396153704994314,0.0793509377177905,0,0.02885488644283293,26.498424018850653,-26.498424018850653,918.3340253772656,891.8356013584149,26.46308992367293
121,2025-07-24,Dzumhur D.,Droguet T.,P1,1.9649999999999999,0.5866142557605765,0.15269701256953272,1,0.03,26.755068040752448,25.81864065932611,891.8356013584149,917.654242017741,24.33419637696326
122,2025-07-25,Dzumhur D.,Taberner C.,P1,1.8225,0.5891855799769866,0.0737907195080581,0,0.0224287901240298,20.581874400641563,-20.581874400641563,917.654242017741,897.0723676170994,26.03128880599041
123,2025-07-27,Mpetshi G.,Mochizuki S.,P1,1.4799999999999998,0.7390413254661364,0.09378116168988176,1,0.03,26.912171028512983,12.917842093686225,897.0723676170994,909.9902097107856,24.96613936479667
124,2025-07-27,Bonzi B.,Walton A.,P1,1.935,0.6132448663260592,0.18662881634092465,0,0.03,27.299706291323567,-27.299706291323567,909.9902097107856,882.6905034194621,27.21715518385277
125,2025-07-28,Goffin D.,McDonald M.,P1,2.435,0.5616338560003369,0.36757843936082035,0,0.03,26.48071510258386,-26.48071510258386,882.6905034194621,856.2097883168782,29.400640528337192
126,2025-07-28,Quinn E.,Nishioka Y.,P2,2.0900000000000003,0.5589366376678921,0.16817757272589473,0,0.03,25.686293649506343,-25.686293649506343,856.2097883168782,830.5234946673719,31.51862131248707
127,2025-07-29,Carreno Busta P.,Draxl L.,P1,2.505,0.6034704383432901,0.5116934480499415,1,0.03,24.915704840021156,37.498135784231835,830.5234946673719,868.0216304516038,28.42668706474586
128,2025-07-29,Rinderknech A.,Galarneau A.,P1,1.56,0.6923894247752528,0.08012750264939439,0,0.03,26.04064891354811,-26.04064891354811,868.0216304516038,841.9809815380556,30.573886452803485
129,2025-07-29,Cerundolo F.,Munar J.,P1,1.9075,0.5785792479464895,0.10363991545792872,1,0.028550940897501056,24.039349240712955,21.815709435947007,841.9809815380556,863.7966909740027,28.77505731815248
130,2025-08-01,Mensik J.,Davidovich Fokina A.,P1,1.935,0.5872063898466163,0.13624436435320264,0,0.03,25.913900729220078,-25.913900729220078,863.7966909740027,837.8827902447825,30.911805598607906
131,2025-08-03,Rublev A.,Davidovich Fokina A.,P1,2.135,0.5541777484014512,0.18316949283709816,1,0.03,25.136483707343476,28.529909007834842,837.8827902447825,866.4126992526174,28.55935257924051
132,2025-08-07,Nishioka Y.,Atmane T.,P1,1.715,0.6332435134175899,0.08601262551116673,0,0.03,25.99238097757852,-25.99238097757852,866.4126992526174,840.4203182750389,30.70257200186329
133,2025-08-07,Bergs Z.,Fearnley J.,P1,2.1025,0.5514077167113631,0.159334724385641,1,0.03,25.212609548251166,27.79690202694691,840.4203182750389,868.2172203019858,28.410559570824923
134,2025-08-08,Giron M.,Blockx A.,P1,1.625,0.7468585744147034,0.213645183423893,0,0.03,26.046516609059573,-26.046516609059573,868.2172203019858,842.1707036929262,30.558242783700173
135,2025-08-08,Marozsan F.,Smith C.,P1,1.68,0.642846596703336,0.07998228246160444,1,0.029405250905001592,24.764240846932246,16.839683775913926,842.1707036929262,859.0103874688401,29.16971522362411
136,2025-08-08,Kecmanovic M.,Quinn E.,P1,1.7725,0.6149099123314963,0.08992781960757712,0,0.02910285424193438,24.999654098813227,-24.999654098813227,859.0103874688401,834.0107333700269,31.23107867738569
137,2025-08-08,Bautista Agut R.,Altmaier D.,P1,1.58,0.6795958172848209,0.07376139131001702,1,0.03,25.020322001100805,14.511786760638469,834.0107333700269,848.5225201306653,30.034499446372205
138,2025-08-08,Coric B.,Nava E.,P1,2.5975,0.5513534893767702,0.4321406886561606,0,0.03,25.455675603919957,-25.455675603919957,848.5225201306653,823.0668445267453,32.13346446298104
139,2025-08-09,Dzumhur D.,Bellucci M.,P1,2.125,0.5524899236782248,0.17404108781622774,1,0.03,24.692005335802357,27.77850600277765,823.0668445267453,850.845350529523,29.84296888860664
140,2025-08-18,Coric B.,Blanch Dar.,P1,1.6059999999999999,0.7151725417124861,0.14856710199025264,0,0.03,25.525360515885687,-25.525360515885687,850.845350529523,825.3199900136373,31.947679821948448
141,2025-08-20,Bautista Agut R.,Fucsovics M.,P1,2.186,0.5504716843551973,0.20333110200046134,0,0.03,24.75959970040912,-24.75959970040912,825.3199900136373,800.5603903132281,33.98924942729
142,2025-08-22,Bu Y.,Van De Zandschulp B.,P2,1.972,0.6024860012802937,0.1881023945247392,1,0.03,24.016811709396844,23.344340981533733,800.5603903132281,823.9047312947619,32.06437594058977
143,2025-08-24,Giron M.,Navone M.,P1,2.048,0.5708081888678258,0.16901517080130724,1,0.03,24.717141938842854,25.90356475190731,823.9047312947619,849.8082960466692,29.928479920161916
144,2025-08-24,Quinn E.,Kym J.,P1,2.0480000000000005,0.5857534015039018,0.1996229662799911,0,0.03,25.494248881400075,-25.494248881400075,849.8082960466692,824.3140471652691,32.03062552255705
145,2025-08-26,Tsitsipas S.,Muller A.,P1,1.518,0.7141230048481433,0.08403872135948154,1,0.03,24.729421414958072,12.809840292948282,824.3140471652691,837.1238874582174,30.974381443177595
146,2025-08-26,Monfils G.,Safiullin R.,P1,1.906,0.5969277001544591,0.13774419649439895,0,0.03,25.11371662374652,-25.11371662374652,837.1238874582174,812.0101708344708,33.04514999988227
147,2025-08-27,Bautista Agut R.,Fearnley J.,P1,1.688,0.6329386912460587,0.06840051082334708,0,0.024854836781739536,20.18238026120321,-20.18238026120321,812.0101708344708,791.8277905732676,34.70930186838105
148,2025-08-27,Machac T.,Fonseca J.,P1,1.9940000000000002,0.5528629677833214,0.10240875775994307,1,0.025756729818899156,20.394894464891518,20.27252509810217,791.8277905732676,812.1003156713698,33.03771704614641
149,2025-08-28,Diallo G.,Munar J.,P1,1.9939999999999998,0.5728947640028588,0.1423521594217002,0,0.03,24.363009470141094,-24.363009470141094,812.1003156713698,787.7373062012286,35.04658553476202
150,2025-08-31,Paul T.,Bublik A.,P1,1.98,0.5978546741332602,0.18375225478385526,0,0.03,23.63211918603686,-23.63211918603686,787.7373062012286,764.1051870151917,36.995187968719165
151,2025-09-17,Giron M.,Quinn E.,P1,1.8240000000000003,0.600007657523845,0.09441396732349344,1,0.028645014357855995,21.88780405296241,18.03555053964103,764.1051870151917,782.1407375548328,35.50805440263312
152,2025-09-18,Van De Zandschulp B.,McDonald M.,P1,1.908,0.599987150936583,0.14477548398700024,0,0.03,23.46422212664498,-23.46422212664498,782.1407375548328,758.6765154281878,37.44281277055413
153,2025-09-18,Atmane T.,Prizmic D.,P1,2.128,0.5686747299388671,0.21013982530990938,0,0.03,22.760295462845633,-22.760295462845633,758.6765154281878,735.9162199653422,39.3195283874375
154,2025-09-19,Goffin D.,Vukic A.,P1,2.15,0.570276087161635,0.22609358739751528,0,0.03,22.077486598960263,-22.077486598960263,735.9162199653422,713.8387333663819,41.13994253581438
155,2025-09-20,Tien L.,Zeppieri G.,P1,1.6019999999999999,0.6989838619872427,0.11977214690356275,1,0.03,21.415162000991458,12.891927524596856,713.8387333663819,726.7306608909788,40.07692989801118
156,2025-09-21,Shevchenko A.,Daniel T.,P1,1.8059999999999998,0.5972240203384724,0.07858658073128111,1,0.02437549030126586,17.71441617618058,14.277819438001545,726.7306608909788,741.0084803289803,38.89964260145214
157,2025-09-26,Cazaux A.,Shang J.,P1,1.956,0.5598086434490902,0.09498570658642047,1,0.02483935841695093,18.406175232891677,17.596303522644444,741.0084803289803,758.6047838516248,37.448727446406174
158,2025-10-01,Cilic M.,Basilashvili N.,P1,2.0319999999999996,0.5797416181051873,0.1780349679897404,1,0.03,22.758143515548742,23.486404108046294,758.6047838516248,782.0911879596711,35.512140048146904
159,2025-10-02,Arnaldi M.,Sakamoto R.,P1,1.6,0.6702214047607562,0.07235424761720999,1,0.03,23.462735638790132,14.07764138327408,782.0911879596711,796.1688293429452,34.35135856901355
160,2025-10-03,Tien L.,Kecmanovic M.,P1,1.906,0.5715228322624749,0.08932251829227711,1,0.024647494010010273,19.62356645218713,17.77895120568154,796.1688293429452,813.9477805486267,32.88538307524294
161,2025-10-04,Norrie C.,Cazaux A.,P1,1.932,0.5598766852085157,0.08168175582285242,1,0.021910342227159985,17.833874426857726,16.6211709658314,813.9477805486267,830.5689515144581,31.51487313729487
162,2025-10-04,Tien L.,Moutet C.,P1,2.088,0.590010855165742,0.23194266558606946,1,0.03,24.917068545433743,27.109770577431913,830.5689515144581,857.6787220918901,29.279518596496168
163,2025-10-07,Djokovic N.,Munar J.,P1,1.206,0.8967638406463916,0.0814971918195482,1,0.03,25.730361662756703,5.30045450252788,857.6787220918901,862.9791765944179,28.84246602142252
164,2025-10-09,Djokovic N.,Bergs Z.,P1,1.338,0.8133337391762243,0.08824054301778822,1,0.03,25.889375297832537,8.7506088506674,862.9791765944179,871.7297854450853,28.120928626879742
165,2025-10-14,Altmaier D.,Bailly G.A.,P1,1.456,0.7279267589707081,0.05986136106135104,0,0.03,26.15189356335256,-26.15189356335256,871.7297854450853,845.5778918817327,30.27730076807335
166,2025-10-14,Cilic M.,Budkov Kjaer N.,P1,1.934,0.6304018713122559,0.2191972191179029,1,0.03,25.36733675645198,23.693092530526147,845.5778918817327,869.2709844122589,28.323670735594764
167,2025-10-15,Sonego L.,Fery A.,P1,1.6600000000000001,0.665769332321265,0.10517709165330003,1,0.03,26.078129532367768,17.21156549136273,869.2709844122589,886.4825499036217,26.90447941615954
168,2025-10-18,Rune H.,Humbert U.,P1,1.934,0.5699209015634241,0.1022270236236622,0,0.02736269368941708,24.25655047402619,-24.25655047402619,886.4825499036217,862.2259994295955,28.904569755963642
169,2025-10-18,Michelsen A.,Moutet C.,P1,2.008,0.557006777911325,0.1184696100459407,0,0.029382343761393995,25.334220715251877,-25.334220715251877,862.2259994295955,836.8917787143437,30.993520127258122
170,2025-10-21,Etcheverry T.,Budkov Kjaer N.,P1,1.7260000000000002,0.6220020052649157,0.07357546108724455,1,0.02533590257825225,21.20340857404685,15.393674624758019,836.8917787143437,852.2854533391017,29.724224233596967
171,2025-10-22,Mensik J.,Fonseca J.,P1,2.274,0.5725513682668016,0.30198181143870695,0,0.03,25.56856360017305,-25.56856360017305,852.2854533391017,826.7168897389286,31.832497506589064
172,2025-10-23,Shelton B.,Munar J.,P1,1.5374999999999999,0.7185721939813423,0.1048047482463137,0,0.03,24.801506692167855,-24.801506692167855,826.7168897389286,801.9153830467607,33.877522581391396
173,2025-10-25,Zverev A.,Musetti L.,P1,1.9274999999999998,0.6169512571943412,0.18917354824209254,1,0.03,24.05746149140282,22.313295533276108,801.9153830467607,824.2286785800368,32.03766464721861
174,2025-10-27,Rublev A.,Fearnley J.,P1,1.665,0.6429121534089157,0.07044873542584468,1,0.026484487002197268,21.829273724691213,14.516467026919656,824.2286785800368,838.7451456069564,30.840699501670954
175,2025-10-27,Dimitrov G.,Mpetshi Perricard G.,P1,2.41,0.6139875533484306,0.4797100035697178,1,0.03,25.16235436820869,35.47891965917425,838.7451456069564,874.2240652661307,27.915261090591635
176,2025-10-28,Griekspoor T.,Diallo G.,P1,1.8325,0.5868616713819914,0.07542401280749927,0,0.022649853695945712,19.801047175752753,-19.801047175752753,874.2240652661307,854.4230180903779,29.547969880600178
177,2025-10-28,Shelton B.,Cobolli F.,P1,2.0025,0.5707050643624075,0.1428368913857211,1,0.03,25.632690542711337,25.696772269068113,854.4230180903779,880.119790359446,27.42912507475923
178,2025-10-31,De Minaur A.,Bublik A.,P1,1.7720000000000002,0.6056401106549576,0.07319427608058499,0,0.023702809611588414,20.861311826281057,-20.861311826281057,880.119790359446,859.258478533165,29.149258706458607
179,2025-11-01,Auger-Aliassime F.,Bublik A.,P1,1.94,0.5925732028461825,0.14959201352159412,1,0.03,25.777754355994947,24.231089094635248,859.258478533165,883.4895676278002,27.151267801980744
180,2025-11-04,Etcheverry T.,McDonald M.,P1,1.83,0.595690393630696,0.09011342034417369,1,0.027142596489208907,23.980200836547024,19.90356669433403,883.4895676278002,903.3931343221342,25.510105695455685
181,2025-11-04,Norrie C.,Cazaux A.,P1,1.818,0.5950437456190537,0.08178952953543966,1,0.024996799980268828,22.58193748219852,18.472024860438392,903.3931343221342,921.8651591825726,23.986982342877358
182,2025-11-07,Djokovic N.,Hanfmann Y.,P1,1.23,0.8781649724843199,0.08014291615571348,1,0.03,27.655954775477177,6.36086959835975,921.8651591825726,928.2260287809323,23.462492521043213
183,2025-11-07,Norrie C.,Sonego L.,P1,2.0975,0.581166628831757,0.2189970039746103,1,0.03,27.84678086342797,30.561841997612202,928.2260287809323,958.7878707785445,20.942495087298564
184,2025-11-08,Djokovic N.,Musetti L.,P1,1.375,0.7731260435862213,0.06304830993105426,1,0.03,28.763636123356335,10.786363546258626,958.7878707785445,969.5742343248031,20.053098157030675
185,2026-01-05,Opelka R.,Sweeny D.,P1,1.608,0.6635355984214939,0.06696524226176226,1,0.02753505027210614,26.697275284672273,16.231943373080746,969.5742343248031,985.8061776978839,18.71468224453273
186,2026-01-13,Fucsovics M.,Quinn E.,P1,1.8240000000000003,0.6245631210931011,0.13920313287381658,1,0.03,29.574185330936515,24.369128712691698,985.8061776978839,1010.1753064105756,16.70530918961758
187,2026-01-13,Machac T.,Duckworth J.,P1,1.6460000000000001,0.6486961209591615,0.06775381509877992,1,0.026220516679094415,26.48731847054781,17.11080773197389,1010.1753064105756,1027.2861141425494,15.294425919648411
188,2026-01-14,Machac T.,Halys Q.,P1,1.615,0.6849580123027157,0.10620718986888583,1,0.03,30.818583424276483,18.953428805930038,1027.2861141425494,1046.2395429484795,13.731608077865918
189,2026-01-15,Machac T.,Munar J.,P1,1.825,0.6138843736059783,0.1203389818309103,1,0.03,31.387186288454384,25.894428687974866,1046.2395429484795,1072.1339716364544,11.596465377793102
190,2026-01-18,Dzumhur D.,Draxl L.,P1,1.7725,0.6374561116093316,0.12989095782754018,1,0.03,32.16401914909363,24.84670479267483,1072.1339716364544,1096.9806764291293,9.547713462923447
191,2026-01-18,Korda S.,Zheng M.,P1,1.3175,0.844102583752126,0.11210515409342592,0,0.03,32.909420292873875,-32.909420292873875,1096.9806764291293,1064.0712561362554,12.261282059035743
192,2026-01-19,Opelka R.,Budkov Kjaer N.,P1,1.58,0.6989432214330968,0.10433028986429305,1,0.03,31.922137684087662,18.514839856770845,1064.0712561362554,1082.5860959930262,10.73462836686297
193,2026-01-19,Tabilo A.,Halys Q.,P1,2.1075,0.5784277665499846,0.21903651800409252,0,0.03,32.47758287979079,-32.47758287979079,1082.5860959930262,1050.1085131132354,13.412589515857082
194,2026-01-19,Atmane T.,Maestrelli F.,P1,1.53,0.7054742381882722,0.07937558442805642,0,0.03,31.503255393397062,-31.503255393397062,1050.1085131132354,1018.6052577198384,16.010211830381365
195,2026-01-20,Griekspoor T.,Quinn E.,P1,1.7650000000000001,0.627139923603091,0.10690196515945571,0,0.03,30.558157731595152,-30.558157731595152,1018.6052577198384,988.0470999882432,18.529905475469928
196,2026-01-20,Monfils G.,Sweeny D.,P1,1.5700000000000003,0.7119167558876052,0.1177093067435403,0,0.03,29.641412999647294,-29.641412999647294,988.0470999882432,958.4056869885959,20.97400831120583
197,2026-01-20,Duckworth J.,Prizmic D.,P1,2.1149999999999998,0.5539267444797304,0.17155506457462977,1,0.03,28.752170609657878,32.05867022976852,958.4056869885959,990.4643572183644,18.33058888921567
198,2026-01-21,Etcheverry T.,Fery A.,P1,1.6375,0.6554802628167584,0.07334893036244189,1,0.0287642864166439,28.49000045650613,18.162375291022656,990.4643572183644,1008.626732509387,16.83299790213903
199,2026-01-22,Wawrinka S.,Gea A.,P1,2.49,0.5696838486478268,0.41851278313308893,1,0.03,30.25880197528161,45.0856149431696,1008.626732509387,1053.7123474525565,13.115432908364655
200,2026-01-22,Mensik J.,Jodar R.,P1,1.535,0.7063378336096893,0.08422857459087296,1,0.03,31.611370423576695,16.91208317661353,1053.7123474525565,1070.62443062917,11.720935606543904
201,2026-01-24,Mensik J.,Quinn E.,P1,1.4749999999999999,0.7410604269724859,0.09306412978441653,1,0.03,32.118732918875104,15.25639813646567,1070.62443062917,1085.8808287656357,10.462958938937163
202,2026-01-28,Djokovic N.,Musetti L.,P1,1.335,0.838732916441515,0.11970844344942255,1,0.03,32.57642486296907,10.913102329094638,1085.8808287656357,1096.7939310947304,9.563111676273474
203,2026-02-02,Mpetshi G.,Gea A.,P1,1.7175,0.6286504887762004,0.07970721447312429,0,0.027772548596907434,30.460762752121543,-30.460762752121543,1096.7939310947304,1066.3331683426088,12.074774552197262
204,2026-02-06,Mannarino A.,Gea A.,P1,2.1375,0.5798264958179176,0.23937913481079887,1,0.03,31.989995050278264,36.38861936969153,1066.3331683426088,1102.7217877123003,9.074326233790998
205,2026-02-09,Kopriva V.,Barrena A.,P1,1.495,0.7365933766824623,0.10120709814028117,1,0.03,33.08165363136901,16.375418547527662,1102.7217877123003,1119.097206259828,7.72407997836279
206,2026-02-09,Martinez P.,Midon L.,P1,1.7699999999999998,0.6709753042057871,0.187626288444243,1,0.03,33.57291618779484,25.85114546460202,1119.097206259828,1144.94835172443,5.592506225862969
207,2026-02-09,Dzumhur D.,Dellien H.,P1,2.0175,0.5718978342461112,0.15380388059152938,0,0.03,34.3484505517329,-34.3484505517329,1144.94835172443,1110.5999011726972,8.424731039087078
208,2026-02-10,Djere L.,Burruchaga R.,P1,2.205,0.5521590123840787,0.21751062230689366,0,0.03,33.317997035180916,-33.317997035180916,1110.5999011726972,1077.2819041375162,11.171989107914468
209,2026-02-11,Quinn E.,Svajda T.,P1,1.265,0.8451013287131511,0.0690531808221361,1,0.03,32.31845712412549,8.564391137893251,1077.2819041375162,1085.8462952754094,10.465806421322396
210,2026-02-11,Shapovalov D.,Jodar R.,P1,1.7825000000000002,0.6509279508288571,0.160279072352438,1,0.03,32.57538885826228,25.49024178159024,1085.8462952754094,1111.3365370569995,8.363991227062947
211,2026-02-11,Kovacevic A.,Kypson P.,P1,1.6600000000000001,0.6873823206131199,0.14105465221777908,1,0.03,33.34009611170998,22.004463433728592,1111.3365370569995,1133.3410004907282,6.549598253358785
212,2026-02-11,Etcheverry T.,Burruchaga R.,P1,1.7675,0.6536578859152192,0.15534031335515008,1,0.03,34.00023001472184,26.095176536299018,1133.3410004907282,1159.4361770270273,4.397902753142368
213,2026-02-11,Navone M.,Nava E.,P1,1.4699999999999998,0.7222984614273202,0.06177873829816055,1,0.03,34.78308531081082,16.348050096081074,1159.4361770270273,1175.7842271231084,3.0499131819616716
214,2026-02-11,Mannarino A.,Walton A.,P1,1.7,0.631265086482454,0.07315064702017188,1,0.026125231078632835,30.71763463220292,21.502344242542044,1175.7842271231084,1197.2865713656504,1.2769227871113393
215,2026-02-12,Khachanov K.,Munar J.,P1,1.6625,0.6578994774367795,0.09375788123864592,0,0.03,35.91859714096951,-35.91859714096951,1197.2865713656504,1161.367974224681,4.238615103497998
216,2026-02-16,Garin C.,Tirante T.A.,P1,1.855,0.6001766637860236,0.11332771132307384,0,0.03,34.84103922674043,-34.84103922674043,1161.367974224681,1126.5269349979405,7.111456650393051
217,2026-02-16,Kopriva V.,Heide G.,P1,1.6925,0.6793633997982778,0.14982255415858503,1,0.03,33.795808049938216,23.403597074582212,1126.5269349979405,1149.9305320725227,5.181697162304969
218,2026-02-17,Ugo Carabelli C.,Burruchaga R.,P1,1.7425000000000002,0.6263391308283781,0.09139593546844893,0,0.03,34.49791596217568,-34.49791596217568,1149.9305320725227,1115.432616110347,8.026246247435823
219,2026-02-17,Hanfmann Y.,Reis Da Silva J.,P1,1.2875,0.8183563960564251,0.05363385992264735,1,0.03,33.46297848331041,9.620606313951745,1115.432616110347,1125.0532224242988,7.232972621319951
220,2026-02-18,Fils A.,Halys Q.,P1,1.35,0.8178600948353061,0.10411112802766331,1,0.03,33.751596672728965,11.813058835455141,1125.0532224242988,1136.866281259754,6.258918833843806
221,2026-02-23,Pellegrino A.,Barrena A.,P1,1.83,0.593051405280077,0.08528407166254104,1,0.02568797339233167,29.203790783639615,24.23914635042088,1136.866281259754,1161.105427610175,4.260263562869164
222,2026-02-24,Norrie C.,Jodar R.,P1,1.6749999999999998,0.6388766965541834,0.07011846672825717,0,0.025969802491947063,30.15367862736398,-30.15367862736398,1161.105427610175,1130.951748982811,6.746605608772511
223,2026-02-24,Griekspoor T.,Virtanen O.,P1,1.6724999999999999,0.6514198578894479,0.08949971232010151,1,0.03,33.92855246948433,22.816951535728208,1130.951748982811,1153.7687005185394,4.865218376929488
224,2026-02-24,Burruchaga R.,Moller E.,P1,1.4525,0.7395556866334271,0.07420463483505274,0,0.03,34.61306101555618,-34.61306101555618,1153.7687005185394,1119.1556395029831,7.719261825621608
225,2026-02-25,Mannarino A.,Shimabukuro S.,P1,1.78,0.6059295245677292,0.07855455373055797,0,0.025177741580307077,28.177811479549415,-28.177811479549415,1119.1556395029831,1090.9778280234336,10.042682404216094
226,2026-02-25,Tabilo A.,Barrios M.,P1,1.625,0.6680059980884778,0.08550974689377644,1,0.03,32.72933484070301,20.455834275439383,1090.9778280234336,1111.433662298873,8.355982699295142
227,2026-03-05,Monfils G.,Galarneau A.,P1,1.615,0.6718816049635861,0.08508879201619152,1,0.03,33.34300986896619,20.50595106941421,1111.433662298873,1131.9396133682872,6.665150580097147
228,2026-03-05,Dimitrov G.,Atmane T.,P1,1.64,0.6573090224665327,0.0779867968451135,1,0.03,33.958188401048616,21.73324057667111,1131.9396133682872,1153.6728539449582,4.873121471235017
229,2026-03-05,Dzumhur D.,Fearnley J.,P1,2.1500000000000004,0.5626311321337134,0.20965693408748398,0,0.03,34.610185618348744,-34.610185618348744,1153.6728539449582,1119.0626683266094,7.726927827097975
230,2026-03-12,Djokovic N.,Draper J.,P1,1.6824999999999999,0.6628214606098133,0.11519710747601075,0,0.03,33.57188004979828,-33.57188004979828,1119.0626683266094,1085.4907882768111,10.49511999228503
231,2026-03-19,Dimitrov G.,Collignon R.,P1,1.6625,0.6457203008985426,0.07351000024382714,0,0.027739622733519674,30.11110494750962,-30.11110494750962,1085.4907882768111,1055.3796833293015,12.977951596507989
232,2026-03-19,Fearnley J.,Damm M.,P2,2.0475,0.5708211271178156,0.16875625777372738,1,0.03,31.661390499879044,33.16530654862329,1055.3796833293015,1088.5449898779248,10.24328372542826
233,2026-03-22,Lehecka J.,Quinn E.,P1,1.7599999999999998,0.6319357317617907,0.11220688790075156,1,0.03,32.65634969633774,24.818825769216676,1088.5449898779248,1113.3638156471413,8.196830594368034
234,2026-03-23,Majchrzak K.,Halys Q.,P1,1.7525000000000002,0.6335762178215454,0.11034232173225839,0,0.03,33.40091446941424,-33.40091446941424,1113.3638156471413,1079.9629011777272,10.950925676536984
235,2026-03-30,Pinnington Jones J.,Zhang Zh.,P2,1.76,0.6225764563777981,0.09573456322492468,1,0.03,32.39888703533182,24.623154146852183,1079.9629011777272,1104.5860553245793,8.920606781962032
236,2026-03-31,Muller A.,Cina F.,P1,1.7275,0.6475054317373479,0.11856563332626846,1,0.03,33.13758165973738,24.107590657458942,1104.5860553245793,1128.6936459820383,6.9327990249783475
237,2026-04-02,Machac T.,Jodar R.,P1,1.8625,0.5795251779356203,0.07936564390509282,0,0.023004534465244326,25.96507187969608,-25.96507187969608,1128.6936459820383,1102.7285741023422,9.073766657392055
238,2026-04-06,Shapovalov D.,Blockx A.,P1,2.01,0.5755927087179823,0.15694134452314423,0,0.03,33.081857223070266,-33.081857223070266,1102.7285741023422,1069.646716879272,11.801553657670295
239,2026-04-07,Cilic M.,Shevchenko A.,P1,1.8399999999999999,0.5888197695103957,0.08342837589912805,1,0.024829873779502416,26.55919296877148,22.30972209376804,1069.646716879272,1091.95643897304,9.961990373878562
240,2026-04-08,Ruud C.,Moutet C.,P1,1.37,0.8097314675073908,0.10933211048512548,1,0.03,32.7586931691912,12.120716472600746,1091.95643897304,1104.0771554456405,8.962568467028623
241,2026-04-13,Hanfmann Y.,Blockx A.,P1,2.0,0.5835787871502696,0.16715757430053912,0,0.03,33.12231466336922,-33.12231466336922,1104.0771554456405,1070.9548407822713,11.693691413017767
242,2026-04-13,Diallo G.,Sachko V.,P1,1.625,0.6880588341183216,0.1180956054422726,1,0.03,32.12864522346814,20.080403264667588,1070.9548407822713,1091.035244046939,10.037948127011843
243,2026-04-13,Rinderknech A.,Michelsen A.,P1,1.675,0.6453390101268166,0.08094284196241786,1,0.029978830356451054,32.707960494192356,22.07787333357984,1091.035244046939,1113.1131173805188,8.217502090169312
244,2026-04-14,Musetti L.,Landaluce M.,P1,1.23,0.8540358594426052,0.050464107114404355,1,0.03,33.39339352141556,7.680480509925578,1113.1131173805188,1120.7935978904443,7.584202854591489
245,2026-04-15,Cobolli F.,Bergs Z.,P1,1.665,0.6543866115490787,0.0895537082292161,1,0.03,33.62380793671333,22.359832277914364,1120.7935978904443,1143.1534301683587,5.7405077015405865
